8914,1,ZH
8914,1,ZH
8909,2,ZH
8910,2,ZH
8906,3,ZH
6340,4,ZH
8135,4,ZH
8915,4,ZH
8925,4,ZH
8908,5,ZH
8926,6,ZH
8926,6,ZH
8926,6,ZH
8934,7,ZH
8933,8,ZH
8932,9,ZH
8910,10,ZH
8912,10,ZH
8913,11,ZH
8911,12,ZH
8134,13,ZH
8143,13,ZH
8143,13,ZH
8907,14,ZH
8463,22,ZH
8415,23,ZH
8415,23,ZH
8414,24,ZH
8447,25,ZH
8458,26,ZH
8245,27,ZH
8246,27,ZH
8416,28,ZH
8247,29,ZH
8444,31,ZH
8451,33,ZH
8453,33,ZH
8461,33,ZH
8212,34,ZH
8248,34,ZH
8447,34,ZH
8460,35,ZH
8464,35,ZH
8466,37,ZH
8475,37,ZH
8462,38,ZH
8464,38,ZH
8478,39,ZH
8465,40,ZH
8465,40,ZH
8466,40,ZH
8467,41,ZH
8459,43,ZH
8180,51,ZH
8184,51,ZH
8303,52,ZH
8180,53,ZH
8192,53,ZH
8305,54,ZH
8600,54,ZH
8193,55,ZH
8197,55,ZH
8424,56,ZH
8427,57,ZH
8428,57,ZH
8192,58,ZH
8192,58,ZH
8193,58,ZH
8182,59,ZH
8192,59,ZH
8181,60,ZH
8194,61,ZH
8302,62,ZH
8309,62,ZH
8426,63,ZH
8309,64,ZH
8425,65,ZH
8052,66,ZH
8152,66,ZH
8152,66,ZH
8152,66,ZH
8197,67,ZH
8427,68,ZH
8428,68,ZH
8304,69,ZH
8195,70,ZH
8196,70,ZH
8196,71,ZH
8197,71,ZH
8180,72,ZH
8185,72,ZH
8164,81,ZH
8113,82,ZH
8158,82,ZH
8107,83,ZH
8108,84,ZH
8114,85,ZH
8157,86,ZH
8115,87,ZH
8162,88,ZH
8164,88,ZH
8173,88,ZH
8174,88,ZH
8155,89,ZH
8172,89,ZH
8155,90,ZH
8155,90,ZH
8156,90,ZH
8166,91,ZH
8154,92,ZH
5462,93,ZH
8165,93,ZH
8107,94,ZH
8112,94,ZH
8158,95,ZH
8105,96,ZH
8105,96,ZH
8106,96,ZH
8052,97,ZH
8152,97,ZH
8153,97,ZH
8165,98,ZH
8165,99,ZH
8174,100,ZH
8175,100,ZH
8155,101,ZH
8162,101,ZH
8162,101,ZH
8187,102,ZH
8340,111,ZH
8344,111,ZH
8345,111,ZH
8498,111,ZH
8608,112,ZH
8633,112,ZH
8340,113,ZH
8608,113,ZH
8630,113,ZH
8632,113,ZH
8635,113,ZH
8636,113,ZH
8340,114,ZH
8494,114,ZH
8496,114,ZH
8497,114,ZH
8498,114,ZH
8614,115,ZH
8617,115,ZH
8624,115,ZH
8625,115,ZH
8626,115,ZH
8627,115,ZH
8627,116,ZH
8340,117,ZH
8342,117,ZH
8498,117,ZH
8630,118,ZH
8636,118,ZH
8607,119,ZH
8497,120,ZH
8636,120,ZH
8637,120,ZH
8345,121,ZH
8620,121,ZH
8623,121,ZH
8041,131,ZH
8134,131,ZH
8802,135,ZH
8803,135,ZH
8135,136,ZH
8942,137,ZH
8805,138,ZH
8833,138,ZH
8803,139,ZH
8136,141,ZH
8800,141,ZH
8703,151,ZH
8703,152,ZH
8704,152,ZH
8627,153,ZH
8634,153,ZH
8714,153,ZH
8127,154,ZH
8700,154,ZH
8618,155,ZH
8708,155,ZH
8706,156,ZH
8618,157,ZH
8634,158,ZH
8712,158,ZH
8713,158,ZH
8707,159,ZH
8126,160,ZH
8125,161,ZH
8702,161,ZH
8308,172,ZH
8320,172,ZH
8335,173,ZH
8310,176,ZH
8310,176,ZH
8312,176,ZH
8315,176,ZH
8317,176,ZH
8330,177,ZH
8331,177,ZH
8623,177,ZH
8322,178,ZH
8322,178,ZH
8332,178,ZH
8332,178,ZH
8308,180,ZH
8484,180,ZH
8484,180,ZH
8484,180,ZH
8486,180,ZH
8492,181,ZH
8493,181,ZH
8322,182,ZH
8488,182,ZH
8489,182,ZH
8489,182,ZH
8489,182,ZH
8044,191,ZH
8051,191,ZH
8600,191,ZH
8603,191,ZH
8127,192,ZH
8132,192,ZH
8132,192,ZH
8133,192,ZH
8117,193,ZH
8118,193,ZH
8121,193,ZH
8606,194,ZH
8122,195,ZH
8123,195,ZH
8124,195,ZH
8127,195,ZH
8132,195,ZH
8607,196,ZH
8617,196,ZH
8600,197,ZH
8603,197,ZH
8605,198,ZH
8606,198,ZH
8610,198,ZH
8614,198,ZH
8615,198,ZH
8615,198,ZH
8616,198,ZH
8617,198,ZH
8307,199,ZH
8604,199,ZH
8605,199,ZH
8306,200,ZH
8602,200,ZH
8479,211,ZH
8311,213,ZH
8471,214,ZH
8471,214,ZH
8471,214,ZH
8471,214,ZH
8471,214,ZH
8421,215,ZH
8474,216,ZH
8548,218,ZH
8352,219,ZH
8500,220,ZH
8523,220,ZH
8442,221,ZH
8412,223,ZH
8412,223,ZH
8412,223,ZH
8413,223,ZH
8422,224,ZH
8545,225,ZH
8545,225,ZH
8354,226,ZH
8405,226,ZH
8418,226,ZH
8472,227,ZH
8363,228,ZH
8488,228,ZH
8492,228,ZH
8495,228,ZH
8310,230,ZH
8352,230,ZH
8400,230,ZH
8404,230,ZH
8404,230,ZH
8404,230,ZH
8405,230,ZH
8406,230,ZH
8408,230,ZH
8409,230,ZH
8482,230,ZH
8542,230,ZH
8545,230,ZH
8483,231,ZH
8486,231,ZH
8487,231,ZH
8487,231,ZH
8904,241,ZH
8142,242,ZH
8903,242,ZH
8953,243,ZH
8951,244,ZH
8954,244,ZH
8102,245,ZH
8955,246,ZH
8902,247,ZH
8952,247,ZH
8142,248,ZH
8143,248,ZH
8103,249,ZH
8951,249,ZH
8902,250,ZH
8104,251,ZH
8951,251,ZH
8001,261,ZH
8002,261,ZH
8003,261,ZH
8004,261,ZH
8005,261,ZH
8006,261,ZH
8008,261,ZH
8032,261,ZH
8037,261,ZH
8038,261,ZH
8041,261,ZH
8044,261,ZH
8045,261,ZH
8046,261,ZH
8047,261,ZH
8048,261,ZH
8049,261,ZH
8050,261,ZH
8051,261,ZH
8052,261,ZH
8053,261,ZH
8055,261,ZH
8057,261,ZH
8064,261,ZH
8125,261,ZH
8134,261,ZH
8142,261,ZH
8143,261,ZH
8152,261,ZH
8952,261,ZH
8450,291,ZH
8452,291,ZH
8457,291,ZH
8468,292,ZH
8468,292,ZH
8476,292,ZH
8477,292,ZH
8525,292,ZH
8804,293,ZH
8820,293,ZH
8824,293,ZH
8825,293,ZH
8353,294,ZH
8354,294,ZH
8354,294,ZH
8355,294,ZH
8523,294,ZH
6340,295,ZH
8135,295,ZH
8135,295,ZH
8135,295,ZH
8810,295,ZH
8815,295,ZH
8816,295,ZH
8307,296,ZH
8307,296,ZH
8308,296,ZH
8308,296,ZH
8314,296,ZH
8482,296,ZH
8483,296,ZH
8493,297,ZH
8494,297,ZH
8499,297,ZH
8542,298,ZH
8543,298,ZH
8543,298,ZH
8543,298,ZH
8544,298,ZH
8546,298,ZH
3250,301,BE
3267,301,BE
3270,301,BE
3273,301,BE
3282,302,BE
3283,302,BE
3257,303,BE
3257,303,BE
3262,303,BE
3207,304,BE
3226,304,BE
3283,304,BE
3283,304,BE
3250,305,BE
3252,305,BE
3273,305,BE
2557,306,BE
3250,306,BE
3292,306,BE
3042,307,BE
3045,307,BE
3046,307,BE
3036,309,BE
3271,309,BE
3053,310,BE
3251,310,BE
3251,310,BE
3254,310,BE
3255,310,BE
3256,310,BE
3256,310,BE
3256,310,BE
3053,311,BE
3054,311,BE
3035,312,BE
3266,312,BE
3267,312,BE
3268,312,BE
3270,312,BE
4912,321,BE
4922,321,BE
4938,322,BE
4944,322,BE
4912,323,BE
4913,323,BE
3368,324,BE
4917,325,BE
4955,326,BE
4900,329,BE
4916,329,BE
4924,329,BE
3368,331,BE
4932,331,BE
4919,332,BE
4932,332,BE
4934,332,BE
4935,332,BE
4936,332,BE
4917,333,BE
6146,333,BE
6147,333,BE
4943,335,BE
4919,336,BE
4914,337,BE
4938,338,BE
4938,339,BE
4933,340,BE
4911,341,BE
4922,342,BE
4922,342,BE
4936,344,BE
4937,344,BE
4942,344,BE
4943,344,BE
4923,345,BE
3004,351,BE
3005,351,BE
3006,351,BE
3007,351,BE
3008,351,BE
3010,351,BE
3011,351,BE
3012,351,BE
3013,351,BE
3014,351,BE
3015,351,BE
3018,351,BE
3019,351,BE
3020,351,BE
3027,351,BE
3032,351,BE
3037,351,BE
3048,351,BE
3063,351,BE
3072,351,BE
3073,351,BE
3084,351,BE
3097,351,BE
3172,351,BE
3065,352,BE
3066,352,BE
3326,352,BE
3047,353,BE
3037,354,BE
3038,354,BE
3042,354,BE
3007,355,BE
3084,355,BE
3095,355,BE
3097,355,BE
3098,355,BE
3098,355,BE
3098,355,BE
3144,355,BE
3145,355,BE
3147,355,BE
3172,355,BE
3173,355,BE
3174,355,BE
3073,356,BE
3074,356,BE
3076,356,BE
3086,357,BE
3096,357,BE
3145,357,BE
3147,357,BE
3066,358,BE
3067,358,BE
3076,358,BE
3066,359,BE
3067,359,BE
3068,359,BE
3076,359,BE
3513,359,BE
3032,360,BE
3033,360,BE
3034,360,BE
3035,360,BE
3036,360,BE
3037,360,BE
3042,360,BE
3043,360,BE
3044,360,BE
3045,360,BE
3049,360,BE
3052,361,BE
3048,362,BE
3063,362,BE
3063,363,BE
3065,363,BE
3066,363,BE
3072,363,BE
3073,363,BE
2502,371,BE
2503,371,BE
2504,371,BE
2505,371,BE
2532,371,BE
2532,372,BE
2533,372,BE
3296,381,BE
2557,382,BE
3263,382,BE
3294,383,BE
3264,385,BE
3293,386,BE
3294,386,BE
2543,387,BE
3297,388,BE
3294,389,BE
2554,390,BE
3298,391,BE
2542,392,BE
3295,393,BE
3251,394,BE
3257,394,BE
3426,401,BE
3473,402,BE
3323,403,BE
3400,404,BE
3413,404,BE
3414,404,BE
3472,404,BE
3422,405,BE
3423,405,BE
3424,405,BE
3424,405,BE
3425,405,BE
3472,405,BE
3415,406,BE
3415,406,BE
3419,406,BE
3432,406,BE
3433,406,BE
3513,406,BE
3412,407,BE
3413,407,BE
3415,407,BE
3416,407,BE
3418,407,BE
3472,407,BE
3429,408,BE
3324,409,BE
3324,409,BE
3325,409,BE
3421,409,BE
3429,410,BE
3309,411,BE
3400,412,BE
3422,412,BE
3425,413,BE
3325,414,BE
3326,414,BE
3324,415,BE
3421,415,BE
3422,415,BE
3414,418,BE
3421,418,BE
3422,420,BE
3422,420,BE
3472,421,BE
3421,422,BE
3425,423,BE
3464,424,BE
3472,424,BE
3474,424,BE
2534,431,BE
2606,431,BE
2608,431,BE
2720,431,BE
2608,432,BE
2610,432,BE
2612,432,BE
2613,432,BE
2607,433,BE
2608,433,BE
2723,433,BE
2608,434,BE
2608,434,BE
2610,434,BE
2723,434,BE
2333,435,BE
2333,435,BE
2610,435,BE
2720,437,BE
2723,437,BE
2534,438,BE
2534,438,BE
2535,438,BE
2616,441,BE
2616,441,BE
2536,442,BE
2538,442,BE
2603,442,BE
2345,443,BE
2610,443,BE
2610,443,BE
2610,443,BE
2605,444,BE
2606,444,BE
2720,444,BE
2333,445,BE
2345,445,BE
2610,445,BE
2615,445,BE
2615,445,BE
2720,446,BE
2720,446,BE
2722,446,BE
2723,446,BE
2345,448,BE
2610,448,BE
2610,448,BE
2613,448,BE
2535,449,BE
2536,449,BE
2537,449,BE
2535,450,BE
2603,450,BE
2604,450,BE
2732,450,BE
2735,450,BE
3237,491,BE
3232,492,BE
3233,492,BE
3235,492,BE
2577,493,BE
2525,494,BE
3235,494,BE
3238,494,BE
3236,495,BE
3232,496,BE
3236,496,BE
2575,497,BE
2576,497,BE
3225,498,BE
2577,499,BE
3226,500,BE
3233,501,BE
2576,502,BE
3234,502,BE
3314,533,BE
3315,533,BE
3315,533,BE
4573,533,BE
3053,535,BE
3306,538,BE
3308,538,BE
3309,538,BE
3312,538,BE
3313,538,BE
3314,538,BE
3317,538,BE
3317,538,BE
3422,538,BE
3303,540,BE
3303,540,BE
3303,540,BE
3305,540,BE
3305,541,BE
3322,543,BE
3322,543,BE
3053,544,BE
3302,544,BE
3322,544,BE
3052,546,BE
3053,546,BE
3053,546,BE
3322,551,BE
3427,552,BE
3053,553,BE
3427,554,BE
3428,554,BE
4564,556,BE
3303,557,BE
3715,561,BE
3725,561,BE
3702,562,BE
3703,562,BE
3703,562,BE
3704,562,BE
3711,562,BE
3711,562,BE
3713,563,BE
3714,563,BE
3715,563,BE
3716,563,BE
3724,563,BE
3725,563,BE
3716,564,BE
3717,564,BE
3718,565,BE
3704,566,BE
3705,566,BE
3711,567,BE
3713,567,BE
3714,567,BE
3722,567,BE
3723,567,BE
3800,571,BE
3803,571,BE
3800,572,BE
3806,572,BE
3855,573,BE
3855,573,BE
3856,574,BE
3860,574,BE
3706,575,BE
3707,575,BE
3816,576,BE
3816,576,BE
3818,576,BE
3823,576,BE
3812,577,BE
3814,577,BE
3812,578,BE
3815,578,BE
3815,578,BE
3804,579,BE
6197,579,BE
3858,580,BE
3800,581,BE
3807,582,BE
3801,584,BE
3822,584,BE
3822,584,BE
3823,584,BE
3823,584,BE
3823,584,BE
3824,584,BE
3825,584,BE
3826,584,BE
3706,585,BE
3816,586,BE
3800,587,BE
3812,587,BE
3853,588,BE
3854,589,BE
3855,589,BE
3805,590,BE
3852,590,BE
3813,591,BE
3855,592,BE
3800,593,BE
3812,594,BE
3507,602,BE
3508,602,BE
3507,603,BE
3531,605,BE
3533,605,BE
3534,605,BE
3538,605,BE
3673,605,BE
3671,606,BE
3510,607,BE
3082,608,BE
3506,608,BE
3510,609,BE
3671,610,BE
3114,611,BE
3629,611,BE
3503,612,BE
3510,612,BE
3434,613,BE
3434,613,BE
3508,613,BE
3538,614,BE
3615,614,BE
3672,614,BE
3673,614,BE
3506,615,BE
3532,615,BE
3083,616,BE
3110,616,BE
3111,616,BE
3504,617,BE
3672,619,BE
3672,619,BE
3674,619,BE
3506,620,BE
3508,620,BE
3531,620,BE
3629,622,BE
3112,623,BE
3113,623,BE
3068,626,BE
3415,626,BE
3512,626,BE
3513,626,BE
3068,627,BE
3075,627,BE
3075,627,BE
3076,627,BE
3077,627,BE
3078,627,BE
3082,627,BE
3113,627,BE
3506,628,BE
3531,628,BE
3532,628,BE
3533,628,BE
3504,629,BE
3532,629,BE
3532,629,BE
3533,629,BE
3673,629,BE
3073,630,BE
3112,630,BE
3114,632,BE
3510,632,BE
3177,662,BE
3205,662,BE
3206,662,BE
3206,662,BE
3206,662,BE
3206,662,BE
3207,662,BE
3020,663,BE
3033,663,BE
3202,663,BE
3208,665,BE
3210,665,BE
3179,666,BE
3177,667,BE
3202,668,BE
3203,668,BE
3204,668,BE
3205,668,BE
1797,669,BE
3174,670,BE
3176,670,BE
3177,670,BE
3204,670,BE
3207,671,BE
2744,681,BE
2735,683,BE
2747,687,BE
2735,690,BE
2738,690,BE
2746,691,BE
4716,691,BE
2743,692,BE
2745,694,BE
2732,696,BE
2733,696,BE
2740,700,BE
2742,701,BE
2710,703,BE
2732,703,BE
2740,704,BE
2762,704,BE
2712,706,BE
2713,706,BE
2720,706,BE
2732,706,BE
2732,707,BE
2827,708,BE
2747,709,BE
2736,711,BE
2710,713,BE
2720,713,BE
2717,715,BE
2712,716,BE
2715,716,BE
2715,716,BE
2716,716,BE
2717,716,BE
2748,716,BE
2748,716,BE
2733,717,BE
2735,717,BE
2735,717,BE
2514,723,BE
2520,723,BE
2523,723,BE
2518,724,BE
2523,724,BE
2534,724,BE
2515,726,BE
2516,726,BE
2517,726,BE
2558,731,BE
2562,732,BE
2563,732,BE
2564,732,BE
2503,733,BE
2504,733,BE
2552,733,BE
2555,733,BE
3274,734,BE
3272,735,BE
2575,736,BE
2575,736,BE
3274,737,BE
2565,738,BE
2563,739,BE
2513,740,BE
2514,740,BE
3274,741,BE
2572,742,BE
2503,743,BE
2560,743,BE
2504,744,BE
2552,744,BE
2560,745,BE
2562,745,BE
2553,746,BE
2556,747,BE
2556,748,BE
2557,749,BE
2572,750,BE
2575,751,BE
2575,751,BE
2575,751,BE
3272,754,BE
3252,755,BE
2505,756,BE
2512,756,BE
2513,756,BE
2516,756,BE
3235,756,BE
3763,761,BE
3764,761,BE
3753,762,BE
3754,762,BE
3755,762,BE
3756,762,BE
3757,762,BE
3754,763,BE
3758,763,BE
3762,763,BE
3764,766,BE
3765,766,BE
3766,766,BE
3645,767,BE
3647,767,BE
3645,768,BE
3646,768,BE
3700,768,BE
3702,768,BE
3704,768,BE
3705,768,BE
3711,769,BE
3752,769,BE
3631,770,BE
3632,770,BE
3632,770,BE
3864,782,BE
6083,783,BE
6084,783,BE
6085,783,BE
6086,783,BE
3862,784,BE
3863,784,BE
3856,785,BE
3857,785,BE
3860,785,BE
3860,785,BE
3860,786,BE
3860,786,BE
1657,791,BE
3766,791,BE
3770,791,BE
3773,792,BE
3775,792,BE
3772,793,BE
3773,793,BE
3770,794,BE
3771,794,BE
3776,794,BE
3777,794,BE
3784,841,BE
3785,841,BE
3782,842,BE
1657,843,BE
3777,843,BE
3778,843,BE
3780,843,BE
3781,843,BE
3783,843,BE
3792,843,BE
1738,852,BE
3150,852,BE
3156,852,BE
3157,852,BE
3158,852,BE
3159,852,BE
1738,853,BE
3099,853,BE
3152,853,BE
3153,853,BE
3154,853,BE
3156,853,BE
3157,853,BE
3148,855,BE
3150,855,BE
3152,855,BE
3154,855,BE
3157,855,BE
3183,855,BE
3086,861,BE
3115,861,BE
3122,861,BE
3123,861,BE
3124,861,BE
3125,861,BE
3664,863,BE
3665,863,BE
3115,866,BE
3663,867,BE
3664,867,BE
3629,868,BE
3126,869,BE
3122,870,BE
3123,870,BE
3115,872,BE
3116,872,BE
3116,872,BE
3116,872,BE
3125,872,BE
3126,872,BE
3629,872,BE
3086,877,BE
3087,877,BE
3099,879,BE
3128,879,BE
3132,879,BE
3664,879,BE
3087,880,BE
3088,880,BE
3088,880,BE
3089,880,BE
3099,880,BE
3132,880,BE
3154,880,BE
3155,880,BE
3662,883,BE
3123,884,BE
3125,884,BE
3628,885,BE
3664,886,BE
3665,886,BE
3086,888,BE
3086,888,BE
3087,888,BE
3096,888,BE
3127,889,BE
3127,889,BE
3128,889,BE
3536,901,BE
3537,901,BE
3550,901,BE
3618,901,BE
6197,901,BE
3535,902,BE
3543,902,BE
3550,902,BE
3551,902,BE
3552,902,BE
3553,902,BE
3555,902,BE
3434,903,BE
3436,903,BE
3438,903,BE
3543,903,BE
3550,903,BE
3551,903,BE
3533,904,BE
3537,904,BE
3538,904,BE
3615,904,BE
3618,904,BE
3432,905,BE
3433,905,BE
3436,905,BE
3437,905,BE
3438,905,BE
3439,905,BE
3453,905,BE
6197,906,BE
3534,907,BE
3535,907,BE
3543,907,BE
3537,908,BE
3552,908,BE
3555,908,BE
3556,908,BE
3557,908,BE
3537,909,BE
3555,909,BE
3556,909,BE
3633,921,BE
3638,922,BE
3614,923,BE
3615,923,BE
3618,923,BE
3674,923,BE
3616,924,BE
3619,924,BE
6197,924,BE
3612,925,BE
3617,925,BE
3625,927,BE
3613,928,BE
3627,928,BE
3671,928,BE
3600,929,BE
3625,929,BE
3626,929,BE
3652,929,BE
3622,931,BE
3619,932,BE
3623,932,BE
3623,932,BE
3652,934,BE
3653,934,BE
3654,934,BE
3616,935,BE
3618,935,BE
3638,936,BE
3619,938,BE
3623,938,BE
3654,938,BE
3655,938,BE
3656,938,BE
3656,938,BE
3656,938,BE
3657,938,BE
3658,938,BE
3612,939,BE
3613,939,BE
3617,939,BE
3624,939,BE
3627,939,BE
3623,940,BE
3633,941,BE
3634,941,BE
3635,941,BE
3636,941,BE
3600,942,BE
3603,942,BE
3604,942,BE
3608,942,BE
3612,942,BE
3624,942,BE
3626,942,BE
3645,942,BE
3631,943,BE
3635,943,BE
3661,944,BE
3614,945,BE
3616,945,BE
3618,946,BE
3636,948,BE
3636,948,BE
3663,948,BE
3665,948,BE
3413,951,BE
3416,951,BE
3418,951,BE
3462,951,BE
3463,951,BE
3464,951,BE
3463,952,BE
3464,952,BE
3465,952,BE
4942,952,BE
4950,953,BE
4952,953,BE
4938,954,BE
4950,954,BE
4952,954,BE
4953,954,BE
3414,955,BE
3415,955,BE
3418,955,BE
3419,955,BE
3432,955,BE
3433,955,BE
3434,955,BE
3435,955,BE
3439,955,BE
3452,955,BE
3453,955,BE
3454,955,BE
3456,955,BE
3415,956,BE
3416,956,BE
3417,956,BE
3418,956,BE
3454,956,BE
3416,957,BE
3454,957,BE
3455,957,BE
3457,957,BE
3462,957,BE
4952,957,BE
4954,957,BE
3453,958,BE
3456,958,BE
3551,958,BE
3463,959,BE
3464,959,BE
4938,959,BE
4942,959,BE
4943,959,BE
3457,960,BE
4953,960,BE
4954,960,BE
4536,971,BE
3376,972,BE
3366,973,BE
3366,973,BE
4539,975,BE
3376,976,BE
3372,977,BE
3373,977,BE
3373,977,BE
3360,979,BE
3363,979,BE
3375,980,BE
4704,981,BE
4704,981,BE
3362,982,BE
4556,982,BE
4538,983,BE
3367,985,BE
3476,985,BE
4539,987,BE
4539,987,BE
3365,988,BE
3365,988,BE
3474,988,BE
3475,988,BE
3475,988,BE
3476,988,BE
4943,988,BE
3360,989,BE
3367,989,BE
3476,989,BE
3380,990,BE
3377,991,BE
3374,992,BE
3380,992,BE
4536,992,BE
3380,995,BE
4537,995,BE
4539,995,BE
6110,1001,LU
6112,1001,LU
6105,1002,LU
6110,1002,LU
6162,1002,LU
6162,1002,LU
6162,1002,LU
6163,1002,LU
6166,1002,LU
6170,1002,LU
6170,1004,LU
6173,1004,LU
6174,1004,LU
6192,1004,LU
6197,1004,LU
6162,1005,LU
6162,1005,LU
6166,1005,LU
6170,1005,LU
6110,1007,LU
6113,1007,LU
6166,1007,LU
6167,1007,LU
6170,1007,LU
6170,1008,LU
6105,1009,LU
6106,1009,LU
6110,1009,LU
3555,1010,LU
6170,1010,LU
6173,1010,LU
6182,1010,LU
6192,1010,LU
6196,1010,LU
6197,1010,LU
6287,1021,LU
6034,1023,LU
6274,1023,LU
6275,1023,LU
6020,1024,LU
6023,1024,LU
6032,1024,LU
6206,1024,LU
6294,1025,LU
6026,1026,LU
6034,1026,LU
6274,1026,LU
6284,1030,LU
6284,1030,LU
6285,1030,LU
6285,1030,LU
6286,1030,LU
6288,1030,LU
6289,1030,LU
6289,1030,LU
6289,1030,LU
6295,1030,LU
6274,1031,LU
6275,1031,LU
6280,1031,LU
6280,1031,LU
6283,1031,LU
6275,1032,LU
6276,1032,LU
6277,1032,LU
6277,1032,LU
6280,1032,LU
6283,1032,LU
6034,1033,LU
6038,1033,LU
6026,1037,LU
6026,1039,LU
6027,1039,LU
6028,1039,LU
6280,1039,LU
6280,1039,LU
6283,1039,LU
6023,1040,LU
6026,1040,LU
6206,1040,LU
6287,1041,LU
6288,1041,LU
6030,1051,LU
6043,1051,LU
6030,1052,LU
6033,1052,LU
6035,1052,LU
6036,1053,LU
6037,1053,LU
6004,1054,LU
6006,1054,LU
6020,1054,LU
6030,1054,LU
6032,1054,LU
6038,1055,LU
6353,1056,LU
6404,1056,LU
6038,1057,LU
6038,1057,LU
6005,1058,LU
6005,1058,LU
6047,1058,LU
6048,1058,LU
6052,1058,LU
6005,1059,LU
6010,1059,LU
6012,1059,LU
6013,1059,LU
6048,1059,LU
6003,1061,LU
6004,1061,LU
6005,1061,LU
6006,1061,LU
6014,1061,LU
6015,1061,LU
6016,1061,LU
6020,1061,LU
6365,1061,LU
6014,1062,LU
6016,1062,LU
6019,1062,LU
6102,1062,LU
6006,1063,LU
6045,1063,LU
6344,1064,LU
6035,1065,LU
6037,1065,LU
6038,1065,LU
6039,1065,LU
6044,1065,LU
6013,1066,LU
6103,1066,LU
6044,1067,LU
6354,1068,LU
6356,1068,LU
6353,1069,LU
6354,1069,LU
6356,1069,LU
6025,1081,LU
6028,1081,LU
6215,1081,LU
6215,1081,LU
6221,1081,LU
6222,1081,LU
6233,1082,LU
6018,1083,LU
6022,1083,LU
6205,1084,LU
6214,1084,LU
6232,1085,LU
6022,1086,LU
6024,1088,LU
6212,1089,LU
6213,1089,LU
6210,1091,LU
6212,1091,LU
6216,1091,LU
6242,1091,LU
6016,1093,LU
6023,1093,LU
6024,1093,LU
6203,1093,LU
6204,1093,LU
6206,1093,LU
6207,1093,LU
6207,1094,LU
6018,1095,LU
6207,1095,LU
6208,1095,LU
6210,1095,LU
6216,1095,LU
5735,1097,LU
6221,1097,LU
6016,1098,LU
6017,1098,LU
6018,1098,LU
6019,1098,LU
6105,1098,LU
6106,1098,LU
6110,1098,LU
6206,1098,LU
6207,1098,LU
6210,1099,LU
6214,1099,LU
6222,1099,LU
6231,1100,LU
6024,1102,LU
6204,1102,LU
6210,1103,LU
6213,1104,LU
6234,1104,LU
6234,1104,LU
6235,1104,LU
6236,1104,LU
6110,1107,LU
6114,1107,LU
6122,1107,LU
6248,1121,LU
6147,1122,LU
6144,1123,LU
6244,1123,LU
6245,1123,LU
6246,1123,LU
6247,1123,LU
6263,1123,LU
6211,1125,LU
6235,1125,LU
6246,1125,LU
6252,1125,LU
6253,1125,LU
6260,1125,LU
6243,1127,LU
6244,1127,LU
6022,1128,LU
6217,1128,LU
6218,1128,LU
6248,1128,LU
6145,1129,LU
6152,1129,LU
6153,1129,LU
6145,1131,LU
6146,1131,LU
6147,1131,LU
6245,1131,LU
6125,1132,LU
6130,1132,LU
6132,1132,LU
6133,1132,LU
6156,1132,LU
4952,1135,LU
6153,1135,LU
6154,1135,LU
6156,1135,LU
6156,1135,LU
6110,1136,LU
6122,1136,LU
6123,1136,LU
6125,1136,LU
6130,1136,LU
6244,1137,LU
4915,1139,LU
6147,1139,LU
6264,1139,LU
6265,1139,LU
6252,1140,LU
6260,1140,LU
6260,1140,LU
6260,1140,LU
6260,1140,LU
6262,1140,LU
6263,1140,LU
6265,1142,LU
6143,1143,LU
6247,1143,LU
4952,1145,LU
4955,1145,LU
6153,1145,LU
6242,1146,LU
4806,1147,LU
6260,1147,LU
6260,1147,LU
6144,1150,LU
6152,1150,LU
6153,1150,LU
6122,1151,LU
6125,1151,LU
6126,1151,LU
6130,1151,LU
6132,1151,LU
6133,1151,LU
6142,1151,LU
6143,1151,LU
6144,1151,LU
6154,1151,LU
6156,1151,LU
6248,1151,LU
6460,1201,UR
6490,1202,UR
6390,1203,UR
6468,1203,UR
6436,1205,UR
6436,1205,UR
6460,1205,UR
6463,1205,UR
6464,1205,UR
6469,1205,UR
6472,1206,UR
6454,1207,UR
6460,1207,UR
6487,1208,UR
6473,1209,UR
6474,1209,UR
6476,1209,UR
6482,1209,UR
6493,1210,UR
6461,1211,UR
6491,1212,UR
6467,1213,UR
6469,1213,UR
6462,1214,UR
6466,1214,UR
6377,1215,UR
6441,1215,UR
6472,1216,UR
6473,1216,UR
6474,1216,UR
6475,1216,UR
6476,1216,UR
6452,1217,UR
6452,1217,UR
6464,1218,UR
8751,1218,UR
6436,1219,UR
6465,1219,UR
6484,1220,UR
6485,1220,UR
8836,1301,SZ
8840,1301,SZ
8840,1301,SZ
8841,1301,SZ
8844,1301,SZ
8846,1301,SZ
8847,1301,SZ
6410,1311,SZ
6442,1311,SZ
8832,1321,SZ
8834,1321,SZ
8835,1321,SZ
8836,1321,SZ
8847,1321,SZ
8640,1322,SZ
8806,1322,SZ
8807,1322,SZ
8808,1322,SZ
8832,1322,SZ
8832,1322,SZ
8806,1323,SZ
8832,1323,SZ
8833,1323,SZ
8834,1323,SZ
6402,1331,SZ
6403,1331,SZ
6405,1331,SZ
8846,1341,SZ
8852,1341,SZ
8853,1342,SZ
8854,1342,SZ
8854,1342,SZ
8858,1343,SZ
8853,1344,SZ
8864,1345,SZ
8854,1346,SZ
8855,1346,SZ
8862,1346,SZ
8863,1346,SZ
8730,1347,SZ
8855,1347,SZ
8856,1347,SZ
8857,1348,SZ
8853,1349,SZ
8854,1349,SZ
8855,1349,SZ
8849,1361,SZ
6318,1362,SZ
6356,1362,SZ
6410,1362,SZ
6410,1362,SZ
6410,1362,SZ
6410,1362,SZ
6414,1362,SZ
6415,1362,SZ
6416,1362,SZ
6434,1363,SZ
6423,1364,SZ
6440,1364,SZ
6424,1365,SZ
6433,1366,SZ
6440,1366,SZ
6443,1366,SZ
6452,1366,SZ
6433,1367,SZ
6436,1367,SZ
6436,1367,SZ
6436,1367,SZ
8750,1367,SZ
8842,1368,SZ
8843,1368,SZ
6452,1369,SZ
6418,1370,SZ
6315,1371,SZ
6417,1371,SZ
6418,1371,SZ
6422,1371,SZ
6417,1372,SZ
6423,1372,SZ
6430,1372,SZ
6432,1372,SZ
6438,1372,SZ
8842,1372,SZ
8843,1372,SZ
6422,1373,SZ
6416,1374,SZ
8842,1375,SZ
8844,1375,SZ
8845,1375,SZ
6010,1401,OW
6053,1401,OW
6055,1401,OW
6064,1401,OW
6388,1402,OW
6390,1402,OW
6074,1403,OW
6174,1403,OW
6064,1404,OW
6066,1404,OW
6067,1404,OW
6068,1404,OW
6078,1405,OW
6078,1405,OW
6067,1406,OW
6072,1406,OW
6073,1406,OW
6074,1406,OW
6056,1407,OW
6060,1407,OW
6060,1407,OW
6062,1407,OW
6063,1407,OW
6375,1501,NW
6376,1501,NW
6374,1502,NW
6383,1503,NW
6383,1503,NW
6383,1503,NW
6376,1504,NW
6377,1504,NW
6363,1505,NW
6363,1505,NW
6373,1505,NW
6374,1505,NW
6362,1506,NW
6370,1506,NW
6372,1506,NW
6010,1507,NW
6013,1507,NW
6052,1507,NW
6370,1508,NW
6370,1508,NW
6374,1508,NW
6382,1508,NW
6383,1508,NW
6362,1509,NW
6370,1509,NW
6372,1509,NW
6373,1509,NW
6362,1510,NW
6363,1510,NW
6363,1510,NW
6363,1510,NW
6365,1510,NW
6383,1511,NW
6383,1511,NW
6386,1511,NW
6387,1511,NW
6388,1511,NW
6390,1511,NW
8752,1630,GL
8753,1630,GL
8754,1630,GL
8757,1630,GL
8758,1630,GL
8865,1630,GL
8866,1630,GL
8867,1630,GL
8868,1630,GL
8872,1630,GL
8874,1630,GL
8750,1631,GL
8755,1631,GL
8756,1631,GL
8762,1631,GL
8762,1631,GL
8762,1631,GL
8765,1631,GL
8766,1631,GL
8767,1631,GL
8772,1631,GL
8773,1631,GL
8774,1631,GL
8775,1631,GL
8775,1631,GL
8777,1631,GL
8777,1631,GL
8782,1631,GL
8783,1631,GL
8784,1631,GL
8750,1632,GL
8750,1632,GL
8750,1632,GL
8754,1632,GL
8755,1632,GL
6300,1701,ZG
6312,1701,ZG
6314,1701,ZG
6319,1701,ZG
6340,1701,ZG
6345,1701,ZG
6330,1702,ZG
6331,1702,ZG
6332,1702,ZG
5642,1703,ZG
6331,1703,ZG
6332,1703,ZG
6333,1703,ZG
6313,1704,ZG
6313,1704,ZG
6313,1704,ZG
6313,1704,ZG
6314,1704,ZG
6315,1704,ZG
6313,1705,ZG
6340,1705,ZG
6340,1705,ZG
6345,1705,ZG
6314,1706,ZG
6315,1706,ZG
6315,1706,ZG
6315,1706,ZG
6417,1706,ZG
6418,1706,ZG
8836,1706,ZG
6343,1707,ZG
6343,1707,ZG
6343,1707,ZG
6343,1707,ZG
6312,1708,ZG
6330,1708,ZG
6314,1709,ZG
6314,1709,ZG
6315,1709,ZG
6318,1710,ZG
6300,1711,ZG
6300,1711,ZG
6314,1711,ZG
6317,1711,ZG
6318,1711,ZG
6330,1711,ZG
1473,2008,FR
1482,2011,FR
1483,2011,FR
1532,2016,FR
1544,2022,FR
1470,2025,FR
1470,2025,FR
1470,2025,FR
1470,2025,FR
1533,2027,FR
1562,2029,FR
1774,2029,FR
1774,2029,FR
1774,2029,FR
1775,2029,FR
1775,2029,FR
1776,2029,FR
1485,2035,FR
1410,2038,FR
1566,2041,FR
1566,2041,FR
1541,2043,FR
1525,2044,FR
1527,2044,FR
1528,2044,FR
1528,2044,FR
1529,2044,FR
1534,2044,FR
1565,2045,FR
1483,2050,FR
1483,2050,FR
1484,2050,FR
1484,2050,FR
1534,2050,FR
1567,2051,FR
1568,2051,FR
1563,2053,FR
1564,2053,FR
1580,2053,FR
1580,2053,FR
1772,2053,FR
1773,2053,FR
1773,2053,FR
1773,2053,FR
1776,2053,FR
1470,2054,FR
1473,2054,FR
1473,2054,FR
1475,2054,FR
1475,2054,FR
1475,2054,FR
1486,2054,FR
1489,2054,FR
1541,2054,FR
1541,2054,FR
1542,2054,FR
1468,2055,FR
1474,2055,FR
1673,2061,FR
1681,2063,FR
1681,2063,FR
1608,2066,FR
1689,2067,FR
1553,2068,FR
1085,2072,FR
1673,2072,FR
1686,2079,FR
1692,2086,FR
1680,2087,FR
1680,2087,FR
1684,2087,FR
1674,2089,FR
1680,2096,FR
1608,2097,FR
1673,2097,FR
1673,2097,FR
1673,2097,FR
1675,2097,FR
1676,2099,FR
1677,2099,FR
1678,2099,FR
1679,2099,FR
1680,2099,FR
1670,2102,FR
1670,2102,FR
1670,2102,FR
1674,2102,FR
1674,2102,FR
1675,2102,FR
1675,2102,FR
1675,2102,FR
1685,2113,FR
1686,2113,FR
1687,2113,FR
1687,2113,FR
1687,2113,FR
1688,2113,FR
1688,2113,FR
1697,2113,FR
1697,2113,FR
1690,2114,FR
1694,2114,FR
1694,2114,FR
1694,2114,FR
1694,2114,FR
1748,2115,FR
1749,2115,FR
1680,2117,FR
1690,2117,FR
1690,2117,FR
1691,2117,FR
1669,2121,FR
1669,2121,FR
1669,2121,FR
1669,2121,FR
1669,2121,FR
1643,2122,FR
1644,2122,FR
1645,2122,FR
1652,2123,FR
1652,2123,FR
1636,2124,FR
1653,2124,FR
1630,2125,FR
1635,2125,FR
1661,2125,FR
1653,2128,FR
1646,2129,FR
1647,2129,FR
1651,2129,FR
1653,2130,FR
1628,2131,FR
1646,2131,FR
1666,2134,FR
1635,2135,FR
1636,2135,FR
1661,2135,FR
1663,2135,FR
1663,2135,FR
1663,2135,FR
1663,2135,FR
1634,2137,FR
1647,2137,FR
1648,2137,FR
1637,2138,FR
1656,2138,FR
1656,2138,FR
1657,2138,FR
1716,2138,FR
1633,2140,FR
1633,2140,FR
1638,2143,FR
1635,2145,FR
1661,2145,FR
1649,2147,FR
1628,2148,FR
1632,2148,FR
1634,2149,FR
1733,2149,FR
1625,2152,FR
1625,2152,FR
1626,2152,FR
1626,2152,FR
1626,2152,FR
1627,2152,FR
1642,2153,FR
1627,2155,FR
1628,2155,FR
1630,2155,FR
1628,2160,FR
1630,2160,FR
1663,2162,FR
1665,2162,FR
1666,2162,FR
1667,2162,FR
1637,2163,FR
1654,2163,FR
1716,2163,FR
1742,2173,FR
1745,2173,FR
1754,2174,FR
1754,2174,FR
1720,2175,FR
1782,2175,FR
1782,2175,FR
1744,2177,FR
1720,2183,FR
1720,2183,FR
1753,2183,FR
1741,2186,FR
1724,2194,FR
1700,2196,FR
1722,2196,FR
1762,2197,FR
1763,2198,FR
1772,2200,FR
1723,2206,FR
1725,2206,FR
1753,2208,FR
1740,2211,FR
1723,2216,FR
1772,2217,FR
1772,2217,FR
1724,2220,FR
1724,2220,FR
1724,2220,FR
1724,2220,FR
1724,2220,FR
1724,2220,FR
1734,2220,FR
1724,2226,FR
1724,2226,FR
1733,2226,FR
1752,2228,FR
1723,2230,FR
1724,2230,FR
1725,2233,FR
1730,2233,FR
1745,2234,FR
1754,2234,FR
1756,2234,FR
1756,2234,FR
1782,2235,FR
1782,2235,FR
1782,2235,FR
1782,2235,FR
1695,2236,FR
1695,2236,FR
1695,2236,FR
1695,2236,FR
1696,2236,FR
1726,2236,FR
1726,2236,FR
1726,2236,FR
1726,2236,FR
1727,2236,FR
1727,2236,FR
1728,2236,FR
1746,2237,FR
1747,2237,FR
1754,2237,FR
1757,2237,FR
1724,2238,FR
1725,2238,FR
1731,2238,FR
1732,2238,FR
1796,2250,FR
3280,2250,FR
1583,2254,FR
1783,2254,FR
1783,2254,FR
1784,2254,FR
1784,2254,FR
1791,2254,FR
1795,2254,FR
3212,2254,FR
1785,2257,FR
3284,2258,FR
3280,2261,FR
1792,2262,FR
1792,2262,FR
3179,2262,FR
3205,2262,FR
3206,2262,FR
3212,2262,FR
3212,2262,FR
3213,2262,FR
3207,2265,FR
3207,2265,FR
3210,2265,FR
3213,2266,FR
3280,2271,FR
3280,2271,FR
1721,2272,FR
1721,2272,FR
1721,2272,FR
1721,2272,FR
3286,2274,FR
1595,2275,FR
1793,2275,FR
1794,2275,FR
1795,2275,FR
3215,2275,FR
3215,2275,FR
3215,2275,FR
3280,2275,FR
3280,2275,FR
3285,2275,FR
3210,2276,FR
3216,2276,FR
3216,2276,FR
3214,2278,FR
1786,2284,FR
1787,2284,FR
1787,2284,FR
1788,2284,FR
1789,2284,FR
3236,2284,FR
1719,2292,FR
1700,2293,FR
3186,2293,FR
1735,2294,FR
3178,2295,FR
3184,2295,FR
3185,2295,FR
1714,2296,FR
1716,2299,FR
1716,2299,FR
1716,2299,FR
1719,2299,FR
1719,2299,FR
1738,2299,FR
1716,2300,FR
1737,2300,FR
1718,2301,FR
1735,2301,FR
1724,2303,FR
1734,2303,FR
1736,2303,FR
1715,2304,FR
1717,2304,FR
1718,2304,FR
1712,2305,FR
1713,2305,FR
3182,2305,FR
3185,2305,FR
1700,2306,FR
1712,2306,FR
1713,2306,FR
1714,2306,FR
1715,2306,FR
1717,2306,FR
3182,2306,FR
3185,2306,FR
1734,2307,FR
3182,2308,FR
3175,2309,FR
3176,2309,FR
3184,2309,FR
3185,2309,FR
1616,2321,FR
1617,2321,FR
1808,2321,FR
1615,2323,FR
1618,2325,FR
1619,2325,FR
1614,2328,FR
1617,2333,FR
1618,2333,FR
1609,2335,FR
1609,2335,FR
1609,2335,FR
1623,2336,FR
1627,2336,FR
1630,2336,FR
1699,2337,FR
1699,2337,FR
1699,2337,FR
1611,2338,FR
1624,2338,FR
1624,2338,FR
1624,2338,FR
1624,2338,FR
4622,2401,SO
4624,2402,SO
4703,2403,SO
4622,2404,SO
4623,2404,SO
4626,2405,SO
4625,2406,SO
4626,2406,SO
4718,2406,SO
4702,2407,SO
4710,2407,SO
4628,2408,SO
2747,2421,SO
4714,2421,SO
4717,2421,SO
4719,2421,SO
4710,2422,SO
4717,2422,SO
4715,2424,SO
4716,2424,SO
4438,2425,SO
4718,2425,SO
4712,2426,SO
4717,2426,SO
4713,2427,SO
4717,2427,SO
4229,2428,SO
4418,2428,SO
4717,2428,SO
4719,2428,SO
4716,2430,SO
4716,2430,SO
4585,2445,SO
4571,2455,SO
4571,2455,SO
3254,2457,SO
3254,2457,SO
3307,2457,SO
4588,2457,SO
3253,2461,SO
4588,2463,SO
4574,2464,SO
4574,2464,SO
4576,2465,SO
4577,2465,SO
4578,2465,SO
4579,2465,SO
4581,2465,SO
4582,2465,SO
4583,2465,SO
4583,2465,SO
4584,2465,SO
4584,2465,SO
4586,2465,SO
4587,2465,SO
4588,2465,SO
4105,2471,SO
4112,2471,SO
4413,2472,SO
4143,2473,SO
4145,2474,SO
4146,2475,SO
4112,2476,SO
4114,2476,SO
4115,2476,SO
4115,2477,SO
4116,2477,SO
4412,2478,SO
4421,2478,SO
4118,2479,SO
4204,2480,SO
4206,2480,SO
4108,2481,SO
4112,2481,SO
4633,2491,SO
4468,2492,SO
4634,2493,SO
4654,2493,SO
5013,2495,SO
4652,2497,SO
4653,2497,SO
4655,2499,SO
4655,2499,SO
4600,2500,SO
4632,2500,SO
4634,2500,SO
4652,2501,SO
4654,2501,SO
4634,2502,SO
5015,2503,SO
5017,2503,SO
3365,2511,SO
4556,2511,SO
4556,2511,SO
4556,2511,SO
4500,2513,SO
4528,2513,SO
4562,2513,SO
4574,2513,SO
4556,2514,SO
4542,2516,SO
4543,2516,SO
4552,2517,SO
4553,2517,SO
4554,2518,SO
4563,2519,SO
4566,2520,SO
4557,2523,SO
4554,2524,SO
4563,2525,SO
4566,2525,SO
4573,2526,SO
4542,2527,SO
4552,2527,SO
4563,2528,SO
4564,2528,SO
4566,2529,SO
4565,2530,SO
4553,2532,SO
4500,2534,SO
4528,2534,SO
4558,2535,SO
4558,2535,SO
4558,2535,SO
4524,2541,SO
4524,2541,SO
4525,2541,SO
4500,2542,SO
4512,2542,SO
2544,2543,SO
4532,2544,SO
4534,2545,SO
4543,2545,SO
2540,2546,SO
4524,2547,SO
4715,2547,SO
4535,2548,SO
4535,2549,SO
4500,2550,SO
4513,2550,SO
4522,2550,SO
4512,2551,SO
4514,2551,SO
4515,2553,SO
4515,2553,SO
4522,2553,SO
4523,2554,SO
4533,2554,SO
4500,2555,SO
4522,2555,SO
4532,2555,SO
2545,2556,SO
4512,2556,SO
4574,2556,SO
4618,2571,SO
4663,2571,SO
4658,2572,SO
4657,2573,SO
5746,2573,SO
5012,2574,SO
5012,2574,SO
4629,2575,SO
4658,2576,SO
5014,2576,SO
4614,2578,SO
4616,2578,SO
4617,2578,SO
4438,2579,SO
4614,2579,SO
4615,2579,SO
4616,2580,SO
4618,2580,SO
4600,2581,SO
4612,2581,SO
4663,2581,SO
4613,2582,SO
5012,2583,SO
4600,2584,SO
4656,2584,SO
4657,2584,SO
5746,2585,SO
4612,2586,SO
4632,2586,SO
4500,2601,SO
4252,2611,SO
4253,2611,SO
2827,2612,SO
4229,2612,SO
4719,2612,SO
4226,2613,SO
4232,2613,SO
4227,2614,SO
4228,2615,SO
4233,2615,SO
4232,2616,SO
4247,2617,SO
4204,2618,SO
4206,2618,SO
2814,2619,SO
4245,2619,SO
4229,2620,SO
4233,2620,SO
4204,2621,SO
4208,2621,SO
4233,2622,SO
4234,2622,SO
4001,2701,BS
4031,2701,BS
4031,2701,BS
4051,2701,BS
4052,2701,BS
4052,2701,BS
4053,2701,BS
4054,2701,BS
4055,2701,BS
4056,2701,BS
4057,2701,BS
4058,2701,BS
4059,2701,BS
4126,2702,BS
4058,2703,BS
4125,2703,BS
4147,2761,BL
4153,2761,BL
4202,2761,BL
4123,2762,BL
4144,2763,BL
4105,2764,BL
4053,2765,BL
4101,2765,BL
4102,2765,BL
4127,2766,BL
4101,2767,BL
4102,2767,BL
4103,2767,BL
4107,2768,BL
4052,2769,BL
4142,2769,BL
4153,2769,BL
4127,2770,BL
4132,2770,BL
4133,2770,BL
4142,2770,BL
4104,2771,BL
4147,2772,BL
4148,2772,BL
4144,2773,BL
4153,2773,BL
4124,2774,BL
4106,2775,BL
4153,2775,BL
4223,2781,BL
4225,2782,BL
4242,2782,BL
4117,2783,BL
4243,2784,BL
4202,2785,BL
4203,2786,BL
4242,2787,BL
4246,2787,BL
4252,2787,BL
4253,2788,BL
4254,2788,BL
4224,2789,BL
2814,2790,BL
4245,2790,BL
4244,2791,BL
4246,2792,BL
4222,2793,BL
4242,2793,BL
4305,2821,BL
4422,2821,BL
4133,2822,BL
4302,2822,BL
4303,2822,BL
4410,2823,BL
4416,2823,BL
4133,2824,BL
4402,2824,BL
4414,2825,BL
4303,2826,BL
4304,2826,BL
4423,2827,BL
4415,2828,BL
4410,2829,BL
4415,2829,BL
4422,2829,BL
4419,2830,BL
4133,2831,BL
4302,2831,BL
4402,2831,BL
4433,2832,BL
4411,2833,BL
4412,2833,BL
4417,2834,BL
4469,2841,BL
4450,2842,BL
4461,2842,BL
4444,2843,BL
4445,2843,BL
4446,2843,BL
4447,2843,BL
4462,2844,BL
4463,2844,BL
4442,2845,BL
4444,2846,BL
4460,2846,BL
4445,2847,BL
4448,2847,BL
4316,2848,BL
4465,2848,BL
4466,2848,BL
4450,2849,BL
4452,2849,BL
4447,2850,BL
4493,2851,BL
4496,2851,BL
4446,2852,BL
4448,2852,BL
4458,2852,BL
4634,2852,BL
4451,2853,BL
4464,2853,BL
4453,2854,BL
4494,2855,BL
4460,2856,BL
4465,2856,BL
4466,2856,BL
4462,2857,BL
4467,2858,BL
4444,2859,BL
4445,2860,BL
4497,2860,BL
4450,2861,BL
4492,2862,BL
4443,2863,BL
4456,2863,BL
4441,2864,BL
4450,2864,BL
4493,2865,BL
4495,2865,BL
4451,2866,BL
4442,2867,BL
4443,2867,BL
4444,2867,BL
4495,2868,BL
4455,2869,BL
4424,2881,BL
4425,2881,BL
4431,2882,BL
4434,2882,BL
4457,2882,BL
4207,2883,BL
4447,2884,BL
4448,2884,BL
4456,2884,BL
4457,2884,BL
4458,2885,BL
4434,2886,BL
4457,2886,BL
4432,2887,BL
4438,2888,BL
4229,2889,BL
4418,2889,BL
4426,2889,BL
4719,2889,BL
4436,2890,BL
4424,2891,BL
4431,2891,BL
4435,2891,BL
4436,2891,BL
4435,2892,BL
4436,2892,BL
4436,2892,BL
4418,2893,BL
4425,2894,BL
4418,2895,BL
4437,2895,BL
4438,2895,BL
8214,2901,SH
8214,2901,SH
8225,2901,SH
8226,2901,SH
8223,2903,SH
8224,2903,SH
8213,2904,SH
8217,2904,SH
8223,2904,SH
8224,2904,SH
8200,2914,SH
8236,2914,SH
8239,2915,SH
8235,2917,SH
8234,2919,SH
8236,2920,SH
8240,2920,SH
8241,2920,SH
8242,2920,SH
8242,2920,SH
8243,2920,SH
8233,2931,SH
8222,2932,SH
8223,2932,SH
8454,2933,SH
8455,2933,SH
8232,2936,SH
8200,2937,SH
8212,2937,SH
8455,2938,SH
8200,2939,SH
8203,2939,SH
8207,2939,SH
8208,2939,SH
8212,2939,SH
8222,2939,SH
8231,2939,SH
8226,2951,SH
8228,2951,SH
8226,2952,SH
8225,2953,SH
8263,2961,SH
8261,2962,SH
8262,2963,SH
8260,2964,SH
8215,2971,SH
8216,2972,SH
8217,2973,SH
8219,2973,SH
8217,2974,SH
8217,2974,SH
8218,2974,SH
9100,3001,AR
9112,3001,AR
9200,3001,AR
9063,3002,AR
9064,3002,AR
9107,3002,AR
9108,3002,AR
9105,3003,AR
9107,3003,AR
9100,3004,AR
9103,3004,AR
9104,3004,AR
9105,3004,AR
9113,3004,AR
9014,3005,AR
9063,3005,AR
9103,3006,AR
9104,3006,AR
9107,3006,AR
9100,3007,AR
9103,3007,AR
9104,3007,AR
9043,3021,AR
9055,3021,AR
9043,3022,AR
9055,3022,AR
9056,3022,AR
9450,3022,AR
9037,3023,AR
9042,3023,AR
9012,3024,AR
9042,3024,AR
9052,3024,AR
9053,3024,AR
9055,3024,AR
9062,3024,AR
9043,3025,AR
9035,3031,AR
9038,3031,AR
9036,3032,AR
9038,3032,AR
9410,3032,AR
9413,3032,AR
9427,3032,AR
9405,3033,AR
9426,3033,AR
9427,3033,AR
9034,3034,AR
9037,3034,AR
9038,3034,AR
9411,3035,AR
9411,3035,AR
9437,3035,AR
9043,3036,AR
9044,3036,AR
9427,3037,AR
9428,3037,AR
9410,3038,AR
9425,3038,AR
9427,3038,AR
9428,3038,AR
9050,3101,AI
9050,3101,AI
9050,3101,AI
9056,3101,AI
9050,3102,AI
9108,3102,AI
9108,3102,AI
9108,3102,AI
9050,3104,AI
9050,3104,AI
9050,3104,AI
9052,3104,AI
9053,3104,AI
9054,3104,AI
9055,3104,AI
9056,3104,AI
9108,3104,AI
9413,3111,AI
9413,3111,AI
9427,3111,AI
9428,3111,AI
9442,3111,AI
9442,3111,AI
9450,3111,AI
9050,3112,AI
9050,3112,AI
9050,3112,AI
9050,3112,AI
9057,3112,AI
9057,3112,AI
9057,3112,AI
9058,3112,AI
9107,3112,AI
9108,3112,AI
9467,3112,AI
9308,3201,SG
9312,3201,SG
9315,3201,SG
8580,3202,SG
9220,3202,SG
9308,3202,SG
9313,3202,SG
9000,3203,SG
9008,3203,SG
9010,3203,SG
9011,3203,SG
9012,3203,SG
9014,3203,SG
9015,3203,SG
9016,3203,SG
9030,3203,SG
9037,3203,SG
9042,3203,SG
9300,3203,SG
9008,3204,SG
9300,3204,SG
9308,3204,SG
9300,3211,SG
9305,3211,SG
9306,3211,SG
9034,3212,SG
9035,3212,SG
9036,3212,SG
9037,3212,SG
9405,3212,SG
9400,3213,SG
9403,3213,SG
9327,3214,SG
9402,3214,SG
9400,3215,SG
9404,3216,SG
9405,3216,SG
9422,3216,SG
9305,3217,SG
9323,3217,SG
9326,3218,SG
9327,3218,SG
9033,3219,SG
9404,3219,SG
9434,3231,SG
9435,3231,SG
9435,3232,SG
9436,3232,SG
9445,3232,SG
9411,3233,SG
9434,3233,SG
9435,3233,SG
9442,3233,SG
9442,3233,SG
9436,3234,SG
9443,3234,SG
9444,3234,SG
9424,3235,SG
9425,3235,SG
9426,3235,SG
9424,3236,SG
9428,3236,SG
9430,3236,SG
9404,3237,SG
9422,3237,SG
9423,3237,SG
9425,3237,SG
9435,3238,SG
9443,3238,SG
9058,3251,SG
9450,3251,SG
9450,3251,SG
9452,3251,SG
9453,3251,SG
9463,3251,SG
9464,3251,SG
9464,3251,SG
9452,3252,SG
9453,3252,SG
9437,3253,SG
9436,3254,SG
9451,3254,SG
9462,3254,SG
9463,3254,SG
9437,3255,SG
9445,3255,SG
9463,3256,SG
9464,3256,SG
9464,3256,SG
9469,3271,SG
9470,3271,SG
9473,3272,SG
9658,3272,SG
9469,3273,SG
9470,3273,SG
9470,3273,SG
9472,3273,SG
9472,3273,SG
9658,3273,SG
9465,3274,SG
9466,3274,SG
9467,3274,SG
9468,3274,SG
9469,3274,SG
9473,3274,SG
9470,3275,SG
9475,3275,SG
9476,3275,SG
7320,3276,SG
9476,3276,SG
9476,3276,SG
9477,3276,SG
9478,3276,SG
9479,3276,SG
9479,3276,SG
9479,3276,SG
7310,3291,SG
7317,3291,SG
8888,3292,SG
8890,3292,SG
8892,3292,SG
8893,3292,SG
8894,3292,SG
8895,3292,SG
8896,3292,SG
8897,3292,SG
8898,3292,SG
7325,3293,SG
7326,3293,SG
8886,3293,SG
8887,3293,SG
8888,3293,SG
8889,3293,SG
7312,3294,SG
7313,3294,SG
7314,3294,SG
7315,3294,SG
7317,3294,SG
7317,3294,SG
8877,3295,SG
8878,3295,SG
8882,3295,SG
8883,3295,SG
8884,3295,SG
8885,3295,SG
8896,3295,SG
8898,3295,SG
7320,3296,SG
8888,3296,SG
7323,3297,SG
7323,3297,SG
7324,3297,SG
8878,3298,SG
8880,3298,SG
8881,3298,SG
8881,3298,SG
8890,3298,SG
8892,3298,SG
8893,3298,SG
8896,3298,SG
8872,3311,SG
8873,3311,SG
8717,3312,SG
8863,3312,SG
8717,3313,SG
8722,3313,SG
8718,3315,SG
8722,3315,SG
8723,3315,SG
8723,3315,SG
8866,3315,SG
8872,3316,SG
8716,3338,SG
8730,3338,SG
8716,3339,SG
8730,3339,SG
8630,3340,SG
8633,3340,SG
8640,3340,SG
8645,3340,SG
8646,3340,SG
8714,3340,SG
8715,3340,SG
8734,3340,SG
8725,3341,SG
8725,3341,SG
8726,3341,SG
8730,3341,SG
8737,3341,SG
8738,3341,SG
8739,3341,SG
8636,3342,SG
8637,3342,SG
8638,3342,SG
8725,3342,SG
8727,3342,SG
8732,3342,SG
8733,3342,SG
8734,3342,SG
8735,3342,SG
8735,3342,SG
9633,3352,SG
9642,3352,SG
9643,3352,SG
9107,3359,SG
9656,3359,SG
9657,3359,SG
9658,3359,SG
9107,3360,SG
9633,3360,SG
9643,3360,SG
9650,3360,SG
9651,3360,SG
9652,3360,SG
9655,3360,SG
9620,3374,SG
8726,3379,SG
9615,3379,SG
9620,3379,SG
9622,3379,SG
9630,3379,SG
9631,3379,SG
9633,3379,SG
9642,3379,SG
8376,3392,SG
9500,3392,SG
9532,3392,SG
9533,3392,SG
9533,3392,SG
9534,3392,SG
9601,3392,SG
9602,3392,SG
9602,3392,SG
9613,3392,SG
9123,3393,SG
9243,3393,SG
9601,3393,SG
9602,3393,SG
9604,3393,SG
9604,3393,SG
9604,3393,SG
9608,3393,SG
8376,3394,SG
8496,3394,SG
9601,3394,SG
9607,3394,SG
9612,3394,SG
9613,3394,SG
9614,3394,SG
9615,3394,SG
9630,3394,SG
9601,3395,SG
9606,3395,SG
9608,3395,SG
9614,3395,SG
9615,3395,SG
9620,3395,SG
9621,3395,SG
9103,3396,SG
9105,3396,SG
9107,3396,SG
9113,3396,SG
9114,3396,SG
9115,3396,SG
9116,3396,SG
9122,3396,SG
9122,3396,SG
9123,3396,SG
9125,3396,SG
9126,3396,SG
9127,3396,SG
9620,3396,SG
9621,3396,SG
9630,3396,SG
9633,3396,SG
9633,3396,SG
9113,3401,SG
9116,3401,SG
9230,3401,SG
9113,3402,SG
9200,3402,SG
9230,3402,SG
9231,3402,SG
9242,3405,SG
9243,3405,SG
9532,3405,SG
9536,3405,SG
9604,3405,SG
9230,3407,SG
9240,3407,SG
9242,3407,SG
9244,3407,SG
9248,3407,SG
9604,3407,SG
9240,3408,SG
9242,3408,SG
9244,3408,SG
9247,3408,SG
9249,3408,SG
9249,3408,SG
9249,3408,SG
9536,3408,SG
9200,3422,SG
9203,3422,SG
9246,3422,SG
9223,3423,SG
9245,3423,SG
9245,3423,SG
9524,3423,SG
9525,3423,SG
9526,3423,SG
9527,3423,SG
9203,3424,SG
9230,3424,SG
9240,3424,SG
9245,3424,SG
9245,3424,SG
9500,3426,SG
9515,3426,SG
9523,3426,SG
9524,3426,SG
9500,3427,SG
9512,3427,SG
9514,3427,SG
9524,3427,SG
9536,3427,SG
9543,3427,SG
9552,3427,SG
9204,3441,SG
9212,3441,SG
9030,3442,SG
9030,3442,SG
9032,3442,SG
9300,3442,SG
9015,3443,SG
9030,3443,SG
9100,3443,SG
9200,3443,SG
9204,3443,SG
9212,3443,SG
9032,3444,SG
9204,3444,SG
9205,3444,SG
9213,3444,SG
9246,3444,SG
9300,3444,SG
9304,3444,SG
7076,3506,GR
7077,3506,GR
7078,3506,GR
7082,3506,GR
7450,3506,GR
7083,3513,GR
7493,3514,GR
7084,3542,GR
7450,3542,GR
7451,3542,GR
7458,3542,GR
7459,3542,GR
7472,3542,GR
7473,3542,GR
7492,3542,GR
7452,3543,GR
7453,3543,GR
7454,3543,GR
7455,3543,GR
7456,3543,GR
7456,3543,GR
7457,3543,GR
7460,3543,GR
7462,3543,GR
7463,3543,GR
7463,3543,GR
7464,3543,GR
7477,3544,GR
7482,3544,GR
7482,3544,GR
7482,3544,GR
7484,3544,GR
7494,3544,GR
7743,3551,GR
7743,3551,GR
7744,3551,GR
7747,3551,GR
7748,3551,GR
7710,3561,GR
7710,3561,GR
7741,3561,GR
7742,3561,GR
7742,3561,GR
7742,3561,GR
7743,3561,GR
7745,3561,GR
7746,3561,GR
7032,3572,GR
7153,3572,GR
7031,3575,GR
7032,3575,GR
7152,3581,GR
7151,3582,GR
7116,3603,GR
7132,3603,GR
7110,3618,GR
7113,3618,GR
7114,3618,GR
7115,3618,GR
7116,3618,GR
7142,3618,GR
7143,3618,GR
7144,3618,GR
7145,3618,GR
7146,3618,GR
7147,3618,GR
7148,3618,GR
7149,3618,GR
7111,3619,GR
7112,3619,GR
7122,3619,GR
7126,3619,GR
7127,3619,GR
7128,3619,GR
7130,3619,GR
7130,3619,GR
7130,3619,GR
7141,3619,GR
7154,3619,GR
7155,3619,GR
7156,3619,GR
7156,3619,GR
7157,3619,GR
7413,3633,GR
7414,3633,GR
7405,3637,GR
7412,3638,GR
7411,3640,GR
7405,3661,GR
7408,3661,GR
7415,3661,GR
7421,3661,GR
7422,3661,GR
7423,3661,GR
7423,3661,GR
7424,3661,GR
7424,3661,GR
7426,3662,GR
7426,3662,GR
7421,3663,GR
7425,3663,GR
7430,3668,GR
7431,3668,GR
7431,3668,GR
7428,3669,GR
7427,3670,GR
7104,3672,GR
7106,3672,GR
7107,3672,GR
7109,3672,GR
7122,3672,GR
7402,3672,GR
7404,3673,GR
7407,3673,GR
7415,3673,GR
7415,3673,GR
7416,3673,GR
7417,3673,GR
7418,3673,GR
7419,3673,GR
7447,3681,GR
7448,3681,GR
7434,3695,GR
7440,3701,GR
7442,3701,GR
7443,3701,GR
7430,3711,GR
7432,3712,GR
7444,3713,GR
7445,3713,GR
7445,3713,GR
7435,3714,GR
7436,3714,GR
7437,3714,GR
7438,3714,GR
7433,3715,GR
7433,3715,GR
7433,3715,GR
7433,3715,GR
7402,3721,GR
7013,3722,GR
7403,3723,GR
7012,3731,GR
7017,3732,GR
7018,3732,GR
7019,3732,GR
7015,3733,GR
7315,3733,GR
7014,3734,GR
7015,3734,GR
7016,3734,GR
7527,3746,GR
7530,3746,GR
7542,3746,GR
7543,3746,GR
7562,3752,GR
7563,3752,GR
7545,3762,GR
7546,3762,GR
7550,3762,GR
7551,3762,GR
7552,3762,GR
7553,3762,GR
7554,3762,GR
7557,3762,GR
7556,3764,GR
7556,3764,GR
7557,3764,GR
7558,3764,GR
7559,3764,GR
7560,3764,GR
7502,3781,GR
7502,3781,GR
7500,3782,GR
7504,3782,GR
7505,3782,GR
7523,3783,GR
7523,3783,GR
7504,3784,GR
7522,3785,GR
7503,3786,GR
7504,3786,GR
7513,3786,GR
7500,3787,GR
7512,3787,GR
7525,3788,GR
7526,3788,GR
7526,3788,GR
7514,3789,GR
7514,3789,GR
7515,3789,GR
7517,3789,GR
7512,3790,GR
7513,3790,GR
7513,3790,GR
7524,3791,GR
7524,3791,GR
7447,3792,GR
7516,3792,GR
7602,3792,GR
7603,3792,GR
7604,3792,GR
7605,3792,GR
7606,3792,GR
7606,3792,GR
7608,3792,GR
7610,3792,GR
6542,3804,GR
6537,3805,GR
6540,3805,GR
6541,3805,GR
6548,3808,GR
6548,3808,GR
6548,3808,GR
6541,3810,GR
6558,3821,GR
6563,3822,GR
6565,3822,GR
6562,3823,GR
6557,3831,GR
6537,3832,GR
6538,3832,GR
6538,3832,GR
6556,3832,GR
6557,3832,GR
6535,3834,GR
6549,3834,GR
6533,3835,GR
6534,3835,GR
6534,3835,GR
6543,3837,GR
6544,3837,GR
6545,3837,GR
6546,3837,GR
7532,3847,GR
7533,3847,GR
7534,3847,GR
7535,3847,GR
7536,3847,GR
7537,3847,GR
7260,3851,GR
7265,3851,GR
7270,3851,GR
7272,3851,GR
7276,3851,GR
7277,3851,GR
7278,3851,GR
7494,3851,GR
7235,3861,GR
7232,3862,GR
7231,3863,GR
7232,3863,GR
7233,3863,GR
7247,3871,GR
7249,3871,GR
7250,3871,GR
7252,3871,GR
7265,3871,GR
7241,3881,GR
7240,3882,GR
7222,3891,GR
7223,3891,GR
7224,3891,GR
7226,3891,GR
7240,3891,GR
7242,3891,GR
7243,3891,GR
7244,3891,GR
7245,3891,GR
7246,3891,GR
7000,3901,GR
7023,3901,GR
7026,3901,GR
7074,3901,GR
7000,3911,GR
7062,3911,GR
7074,3911,GR
7075,3911,GR
7076,3911,GR
7027,3921,GR
7027,3921,GR
7027,3921,GR
7028,3921,GR
7028,3921,GR
7029,3921,GR
7050,3921,GR
7056,3921,GR
7057,3921,GR
7058,3921,GR
7260,3921,GR
7063,3932,GR
7064,3932,GR
7202,3945,GR
7203,3945,GR
7213,3945,GR
7204,3946,GR
7205,3947,GR
7302,3947,GR
7304,3951,GR
7306,3951,GR
7307,3952,GR
7302,3953,GR
7304,3953,GR
7208,3954,GR
7204,3955,GR
7206,3955,GR
7302,3955,GR
7303,3955,GR
7313,3955,GR
7213,3961,GR
7214,3961,GR
7215,3961,GR
7214,3962,GR
7220,3962,GR
7220,3962,GR
7222,3962,GR
7226,3962,GR
7226,3962,GR
7226,3962,GR
7228,3962,GR
7228,3962,GR
7212,3972,GR
7212,3972,GR
7212,3972,GR
7215,3972,GR
7134,3981,GR
7158,3981,GR
7159,3981,GR
7162,3981,GR
7163,3981,GR
7164,3981,GR
7165,3981,GR
7180,3982,GR
7182,3982,GR
7183,3982,GR
7186,3982,GR
7184,3983,GR
7185,3983,GR
7172,3985,GR
7173,3985,GR
7174,3985,GR
7175,3985,GR
7176,3985,GR
7180,3985,GR
7187,3986,GR
7188,3986,GR
7189,3986,GR
7166,3987,GR
7167,3987,GR
7168,3987,GR
7172,3987,GR
7134,3988,GR
7137,3988,GR
7138,3988,GR
5000,4001,AG
5004,4001,AG
5032,4001,AG
5023,4002,AG
5033,4003,AG
5025,4004,AG
5026,4004,AG
5017,4005,AG
5018,4005,AG
5722,4006,AG
5723,4006,AG
5042,4007,AG
5022,4008,AG
5024,4008,AG
5037,4009,AG
5036,4010,AG
5000,4012,AG
5034,4012,AG
5035,4013,AG
5300,4021,AG
5400,4021,AG
5404,4021,AG
5405,4021,AG
5406,4021,AG
5454,4022,AG
8967,4022,AG
8962,4023,AG
8967,4023,AG
5406,4024,AG
5413,4024,AG
5408,4026,AG
5405,4027,AG
5442,4027,AG
5423,4028,AG
5412,4029,AG
5412,4029,AG
8956,4030,AG
5444,4031,AG
5506,4032,AG
5507,4033,AG
5432,4034,AG
5443,4035,AG
5452,4037,AG
5415,4038,AG
5415,4038,AG
5415,4038,AG
5416,4038,AG
5453,4039,AG
8953,4040,AG
8957,4040,AG
5608,4041,AG
5300,4044,AG
5301,4044,AG
5416,4044,AG
5417,4044,AG
5430,4045,AG
5506,4046,AG
5512,4046,AG
5303,4047,AG
5430,4048,AG
5436,4048,AG
8109,4048,AG
5420,4049,AG
8905,4061,AG
8964,4062,AG
8965,4062,AG
5620,4063,AG
5626,4063,AG
5619,4064,AG
5604,4065,AG
5605,4065,AG
5445,4066,AG
5525,4067,AG
5522,4068,AG
5607,4068,AG
8916,4071,AG
5524,4072,AG
5524,4072,AG
8917,4073,AG
8966,4074,AG
8964,4075,AG
5614,4076,AG
5618,4076,AG
5522,4077,AG
5619,4078,AG
8918,4079,AG
5605,4080,AG
5610,4080,AG
5611,4080,AG
5612,4080,AG
5613,4080,AG
8967,4081,AG
5610,4082,AG
5611,4082,AG
5612,4082,AG
5621,4083,AG
8905,4084,AG
5105,4091,AG
5242,4092,AG
5244,4093,AG
5116,4095,AG
5200,4095,AG
5210,4095,AG
5222,4095,AG
5245,4099,AG
5210,4100,AG
5212,4100,AG
5212,4104,AG
5242,4104,AG
5246,4104,AG
5318,4105,AG
5078,4106,AG
5237,4106,AG
5243,4107,AG
5236,4110,AG
5223,4111,AG
5200,4112,AG
5235,4112,AG
5112,4117,AG
5106,4120,AG
5233,4121,AG
5234,4121,AG
5107,4122,AG
5213,4122,AG
5222,4122,AG
5225,4122,AG
5210,4123,AG
5225,4124,AG
5236,4124,AG
5237,4124,AG
5107,4125,AG
5108,4125,AG
5712,4131,AG
5708,4132,AG
5724,4134,AG
5726,4134,AG
5046,4135,AG
5046,4135,AG
5728,4135,AG
5043,4136,AG
5733,4137,AG
5706,4138,AG
5725,4138,AG
5736,4139,AG
5737,4139,AG
5727,4140,AG
5734,4141,AG
5044,4142,AG
5046,4143,AG
5046,4143,AG
5040,4144,AG
5723,4145,AG
5724,4145,AG
5722,4146,AG
5723,4146,AG
5726,4146,AG
5732,4147,AG
5074,4161,AG
5070,4163,AG
5272,4164,AG
5063,4165,AG
5073,4165,AG
5080,4169,AG
5082,4169,AG
5083,4169,AG
5080,4170,AG
5084,4170,AG
5085,4170,AG
4333,4172,AG
5062,4173,AG
5072,4175,AG
5326,4176,AG
4334,4177,AG
5064,4181,AG
5026,4182,AG
5063,4182,AG
5079,4183,AG
5273,4184,AG
5274,4184,AG
5275,4184,AG
5276,4184,AG
5277,4184,AG
5075,4185,AG
5076,4185,AG
5077,4185,AG
5078,4185,AG
5027,4186,AG
5028,4186,AG
5600,4191,AG
5706,4192,AG
5708,4192,AG
5505,4193,AG
5606,4194,AG
5703,4195,AG
5704,4195,AG
5615,4196,AG
5705,4197,AG
5604,4198,AG
5113,4199,AG
5502,4200,AG
5600,4201,AG
5615,4202,AG
5616,4202,AG
5617,4202,AG
5103,4203,AG
5103,4203,AG
5103,4204,AG
5702,4204,AG
5504,4205,AG
5604,4205,AG
5102,4206,AG
5103,4206,AG
5503,4207,AG
5707,4208,AG
5703,4209,AG
5603,4210,AG
5646,4221,AG
5628,4222,AG
5630,4222,AG
5637,4223,AG
5642,4223,AG
5643,4223,AG
5644,4223,AG
6277,4223,AG
5637,4224,AG
5627,4226,AG
5618,4227,AG
5632,4227,AG
5623,4228,AG
5630,4228,AG
5632,4228,AG
5624,4229,AG
5624,4229,AG
5632,4230,AG
6034,4231,AG
6042,4231,AG
5637,4232,AG
5625,4233,AG
5634,4234,AG
5636,4234,AG
5642,4235,AG
5630,4236,AG
5647,4237,AG
8919,4238,AG
5643,4239,AG
5643,4239,AG
5643,4239,AG
5643,4239,AG
5645,4239,AG
5645,4239,AG
6034,4239,AG
6275,4239,AG
5622,4240,AG
4316,4251,AG
4465,4251,AG
4303,4252,AG
4305,4253,AG
4312,4253,AG
4313,4254,AG
4322,4255,AG
4324,4256,AG
4305,4257,AG
4303,4258,AG
4310,4258,AG
4313,4258,AG
4325,4259,AG
4332,4260,AG
4323,4261,AG
4317,4262,AG
4314,4263,AG
4315,4263,AG
4323,4263,AG
4315,4264,AG
4600,4271,AG
4663,4271,AG
4665,4271,AG
4813,4273,AG
4814,4273,AG
4803,4274,AG
4805,4274,AG
6264,4274,AG
5054,4275,AG
4813,4276,AG
5742,4276,AG
5054,4277,AG
4853,4279,AG
4853,4279,AG
4856,4279,AG
4914,4279,AG
4915,4279,AG
4656,4280,AG
4665,4280,AG
4800,4280,AG
5056,4281,AG
5057,4281,AG
4802,4282,AG
4852,4282,AG
5745,4283,AG
5053,4284,AG
5053,4284,AG
4802,4285,AG
4812,4286,AG
4813,4286,AG
4803,4287,AG
4852,4287,AG
5058,4288,AG
4800,4289,AG
4812,4289,AG
4814,4289,AG
5314,4303,AG
5315,4303,AG
5312,4304,AG
5304,4305,AG
5305,4305,AG
5467,4306,AG
5324,4307,AG
5313,4309,AG
5322,4309,AG
5322,4310,AG
5325,4311,AG
5426,4312,AG
5316,4313,AG
5317,4313,AG
5465,4314,AG
5425,4318,AG
5462,4319,AG
5306,4320,AG
5323,4324,AG
5330,4324,AG
5332,4324,AG
5333,4324,AG
5334,4324,AG
5463,4324,AG
5464,4324,AG
5466,4324,AG
9320,4401,TG
9320,4401,TG
9320,4401,TG
8582,4406,TG
9314,4411,TG
9315,4411,TG
9315,4411,TG
9322,4411,TG
8580,4416,TG
9326,4421,TG
8593,4426,TG
9306,4431,TG
9308,4431,TG
9315,4431,TG
9320,4431,TG
9320,4431,TG
9325,4431,TG
8590,4436,TG
8580,4441,TG
8599,4441,TG
9322,4441,TG
8580,4446,TG
8590,4451,TG
8592,4451,TG
8580,4461,TG
8580,4461,TG
8580,4461,TG
8581,4461,TG
8587,4461,TG
9220,4471,TG
9223,4471,TG
9223,4471,TG
8586,4476,TG
8586,4476,TG
8586,4476,TG
8586,4476,TG
8586,4476,TG
8586,4476,TG
9216,4476,TG
9213,4486,TG
9220,4486,TG
9225,4486,TG
9225,4486,TG
9216,4495,TG
9216,4495,TG
9214,4501,TG
9215,4501,TG
9215,4501,TG
9217,4501,TG
8583,4506,TG
8583,4506,TG
8583,4506,TG
9214,4506,TG
8588,4511,TG
8589,4511,TG
9220,4511,TG
9313,4511,TG
8254,4536,TG
8255,4536,TG
8476,4536,TG
8252,4545,TG
8253,4545,TG
8253,4545,TG
8252,4546,TG
8355,4551,TG
8356,4551,TG
8357,4551,TG
8522,4551,TG
8522,4551,TG
9547,4551,TG
8500,4561,TG
8552,4561,TG
8500,4566,TG
8500,4566,TG
9548,4566,TG
8500,4571,TG
8546,4571,TG
8546,4571,TG
8547,4571,TG
8553,4590,TG
8553,4590,TG
8553,4590,TG
8553,4590,TG
8500,4591,TG
9548,4591,TG
8525,4601,TG
8525,4601,TG
8526,4601,TG
9507,4606,TG
9548,4606,TG
8500,4611,TG
8512,4611,TG
8512,4611,TG
8512,4611,TG
8524,4616,TG
8524,4616,TG
8532,4621,TG
8532,4621,TG
8536,4621,TG
8595,4641,TG
8280,4643,TG
8598,4643,TG
8272,4646,TG
8273,4646,TG
8274,4651,TG
8594,4656,TG
8565,4666,TG
8566,4666,TG
8566,4666,TG
8566,4666,TG
8566,4666,TG
8573,4666,TG
8573,4666,TG
8573,4666,TG
8280,4671,TG
8598,4671,TG
8585,4681,TG
8585,4681,TG
8585,4681,TG
8585,4681,TG
8586,4681,TG
8574,4683,TG
8574,4683,TG
8574,4683,TG
8574,4683,TG
8574,4683,TG
8596,4691,TG
8596,4691,TG
8597,4691,TG
8274,4696,TG
8280,4696,TG
8558,4701,TG
8564,4701,TG
8564,4701,TG
8564,4701,TG
8564,4701,TG
8564,4701,TG
8564,4701,TG
8564,4701,TG
8514,4711,TG
9555,4711,TG
9556,4711,TG
9556,4711,TG
9562,4711,TG
9562,4711,TG
9553,4716,TG
8362,4721,TG
8363,4721,TG
9502,4723,TG
8360,4724,TG
8360,4724,TG
8370,4724,TG
8372,4726,TG
8374,4726,TG
8374,4726,TG
8376,4726,TG
8376,4726,TG
8495,4726,TG
8499,4726,TG
9506,4741,TG
9508,4741,TG
8360,4746,TG
9500,4746,TG
9542,4746,TG
9543,4746,TG
9532,4751,TG
9535,4751,TG
9536,4751,TG
8577,4756,TG
8370,4761,TG
8371,4761,TG
8372,4761,TG
9573,4761,TG
9554,4776,TG
9555,4776,TG
9545,4781,TG
9546,4781,TG
9535,4786,TG
9514,4791,TG
9515,4791,TG
8267,4801,TG
8264,4806,TG
8506,4811,TG
8532,4811,TG
8535,4811,TG
8536,4811,TG
8507,4816,TG
8508,4816,TG
8535,4821,TG
8536,4821,TG
8537,4821,TG
8537,4821,TG
8264,4826,TG
8265,4826,TG
8507,4826,TG
8555,4831,TG
8505,4841,TG
8505,4841,TG
8508,4841,TG
8558,4846,TG
8268,4851,TG
8268,4851,TG
8269,4851,TG
8266,4864,TG
8259,4871,TG
8259,4871,TG
8259,4871,TG
8259,4871,TG
8514,4881,TG
8554,4881,TG
8570,4891,TG
8572,4891,TG
8572,4891,TG
8572,4891,TG
8572,4891,TG
8572,4891,TG
8576,4891,TG
8584,4891,TG
8585,4901,TG
8585,4901,TG
8585,4901,TG
8585,4901,TG
8586,4901,TG
8586,4901,TG
8575,4911,TG
8575,4911,TG
8584,4911,TG
8584,4911,TG
8575,4921,TG
9503,4921,TG
9503,4921,TG
9504,4921,TG
9517,4921,TG
9562,4921,TG
9565,4921,TG
9565,4921,TG
9565,4921,TG
9565,4921,TG
9565,4921,TG
8560,4941,TG
8561,4941,TG
8570,4946,TG
8575,4946,TG
8554,4951,TG
8554,4951,TG
8556,4951,TG
8556,4951,TG
8556,4951,TG
8556,4951,TG
8560,4951,TG
8564,4951,TG
8564,4951,TG
6517,5001,TI
6532,5001,TI
6500,5002,TI
6503,5002,TI
6512,5002,TI
6513,5002,TI
6514,5002,TI
6515,5002,TI
6518,5002,TI
6523,5002,TI
6524,5002,TI
6525,5002,TI
6528,5002,TI
6532,5002,TI
6582,5002,TI
6583,5002,TI
6584,5002,TI
6592,5002,TI
6702,5002,TI
6592,5003,TI
6593,5003,TI
6599,5003,TI
6810,5009,TI
6532,5010,TI
6533,5010,TI
6515,5017,TI
6528,5017,TI
6592,5017,TI
6593,5017,TI
6715,5048,TI
6716,5048,TI
6716,5048,TI
6716,5048,TI
6721,5048,TI
6722,5048,TI
6723,5048,TI
6723,5048,TI
6723,5048,TI
6724,5048,TI
6724,5048,TI
6717,5049,TI
6717,5049,TI
6718,5049,TI
6718,5049,TI
6719,5049,TI
6719,5049,TI
6720,5049,TI
6720,5049,TI
6713,5050,TI
6714,5050,TI
6721,5050,TI
6780,5061,TI
6781,5063,TI
6781,5063,TI
6743,5064,TI
6774,5071,TI
6746,5072,TI
6746,5072,TI
6746,5072,TI
6747,5072,TI
6748,5072,TI
6749,5072,TI
6749,5072,TI
6760,5072,TI
6760,5072,TI
6760,5072,TI
6760,5072,TI
6760,5072,TI
6760,5072,TI
6763,5072,TI
6763,5072,TI
6764,5072,TI
6745,5073,TI
6744,5076,TI
6742,5077,TI
6772,5078,TI
6773,5078,TI
6775,5079,TI
6776,5079,TI
6777,5079,TI
6612,5091,TI
6618,5091,TI
6645,5096,TI
6646,5096,TI
6614,5097,TI
6614,5097,TI
6596,5108,TI
6595,5112,TI
6516,5113,TI
6572,5113,TI
6594,5113,TI
6595,5113,TI
6596,5113,TI
6600,5113,TI
6600,5113,TI
6600,5113,TI
6605,5113,TI
6612,5113,TI
6644,5113,TI
6652,5113,TI
6616,5115,TI
6618,5115,TI
6647,5117,TI
6600,5118,TI
6645,5118,TI
6646,5118,TI
6648,5118,TI
6600,5120,TI
6600,5120,TI
6600,5121,TI
6605,5121,TI
6644,5121,TI
6613,5125,TI
6622,5125,TI
6598,5131,TI
6646,5131,TI
6611,5136,TI
6611,5136,TI
6611,5136,TI
6655,5136,TI
6661,5136,TI
6661,5136,TI
6661,5136,TI
6662,5136,TI
6663,5136,TI
6663,5136,TI
6664,5136,TI
6516,5138,TI
6594,5138,TI
6595,5138,TI
6597,5138,TI
6934,5141,TI
6982,5141,TI
6990,5141,TI
6992,5141,TI
6994,5143,TI
6822,5144,TI
6823,5144,TI
6999,5146,TI
6930,5148,TI
6981,5149,TI
6981,5149,TI
6981,5149,TI
6981,5149,TI
6986,5149,TI
6934,5151,TI
6935,5151,TI
6982,5151,TI
6992,5151,TI
6993,5151,TI
6816,5154,TI
6827,5160,TI
6867,5160,TI
6934,5161,TI
6936,5161,TI
6992,5161,TI
6814,5162,TI
6814,5162,TI
6952,5167,TI
6987,5171,TI
6944,5176,TI
6949,5176,TI
6944,5180,TI
6981,5181,TI
6986,5181,TI
6916,5186,TI
6929,5187,TI
6807,5189,TI
6814,5189,TI
6814,5189,TI
6930,5189,TI
6944,5189,TI
6945,5189,TI
6823,5192,TI
6900,5192,TI
6900,5192,TI
6912,5192,TI
6913,5192,TI
6914,5192,TI
6915,5192,TI
6917,5192,TI
6918,5192,TI
6924,5192,TI
6932,5192,TI
6943,5192,TI
6951,5192,TI
6951,5192,TI
6951,5192,TI
6951,5192,TI
6951,5192,TI
6951,5192,TI
6959,5192,TI
6959,5192,TI
6959,5192,TI
6959,5192,TI
6959,5192,TI
6959,5192,TI
6962,5192,TI
6963,5192,TI
6963,5192,TI
6964,5192,TI
6965,5192,TI
6966,5192,TI
6967,5192,TI
6968,5192,TI
6974,5192,TI
6976,5192,TI
6977,5192,TI
6978,5192,TI
6979,5192,TI
6983,5193,TI
6928,5194,TI
6934,5194,TI
6900,5196,TI
6900,5196,TI
6815,5198,TI
6805,5199,TI
6805,5199,TI
6986,5200,TI
6922,5203,TI
6933,5205,TI
6982,5205,TI
6983,5206,TI
6991,5206,TI
6981,5207,TI
6986,5207,TI
6945,5208,TI
6900,5210,TI
6945,5212,TI
6946,5212,TI
6946,5212,TI
6942,5214,TI
6948,5214,TI
6984,5216,TI
6942,5221,TI
6948,5221,TI
6924,5225,TI
6807,5226,TI
6947,5226,TI
6950,5226,TI
6953,5226,TI
6954,5226,TI
6954,5226,TI
6955,5226,TI
6955,5226,TI
6956,5226,TI
6957,5226,TI
6958,5226,TI
6958,5226,TI
6958,5226,TI
6959,5226,TI
6960,5226,TI
6807,5227,TI
6808,5227,TI
6992,5230,TI
6943,5231,TI
6921,5233,TI
6916,5236,TI
6919,5236,TI
6925,5236,TI
6926,5236,TI
6927,5236,TI
6937,5237,TI
6938,5237,TI
6938,5237,TI
6939,5237,TI
6939,5237,TI
6802,5238,TI
6803,5238,TI
6804,5238,TI
6806,5238,TI
6809,5238,TI
6980,5239,TI
6988,5239,TI
6989,5239,TI
6995,5239,TI
6997,5239,TI
6998,5239,TI
6817,5240,TI
6818,5240,TI
6821,5240,TI
6825,5240,TI
6828,5242,TI
6830,5242,TI
6825,5249,TI
6850,5249,TI
6872,5249,TI
6873,5249,TI
6874,5249,TI
6875,5249,TI
6875,5249,TI
6875,5249,TI
6877,5249,TI
6830,5250,TI
6832,5250,TI
6832,5250,TI
6877,5251,TI
6825,5254,TI
6850,5254,TI
6852,5254,TI
6853,5254,TI
6855,5254,TI
6862,5254,TI
6863,5254,TI
6864,5254,TI
6865,5254,TI
6866,5254,TI
6872,5254,TI
6872,5254,TI
6874,5254,TI
6834,5257,TI
6828,5260,TI
6883,5260,TI
6826,5263,TI
6853,5266,TI
6854,5266,TI
6855,5266,TI
6833,5268,TI
6835,5269,TI
6837,5269,TI
6837,5269,TI
6838,5269,TI
6838,5269,TI
6839,5269,TI
6710,5281,TI
6742,5281,TI
6526,5287,TI
6527,5287,TI
6703,5287,TI
6705,5287,TI
6707,5287,TI
6685,5304,TI
6683,5307,TI
6684,5307,TI
6684,5307,TI
6682,5309,TI
6683,5309,TI
6675,5310,TI
6676,5310,TI
6690,5310,TI
6690,5310,TI
6682,5315,TI
6670,5317,TI
6673,5317,TI
6674,5317,TI
6674,5317,TI
6677,5317,TI
6677,5317,TI
6678,5317,TI
6678,5317,TI
6678,5317,TI
6692,5323,TI
6692,5323,TI
6693,5323,TI
6694,5323,TI
6695,5323,TI
6695,5323,TI
6696,5323,TI
6670,5324,TI
6672,5324,TI
6809,5391,TI
6652,5396,TI
6653,5396,TI
6654,5396,TI
6655,5397,TI
6655,5397,TI
6655,5397,TI
6656,5397,TI
6657,5397,TI
6658,5397,TI
6659,5397,TI
6659,5397,TI
6571,5398,TI
6572,5398,TI
6573,5398,TI
6574,5398,TI
6575,5398,TI
6575,5398,TI
6576,5398,TI
6577,5398,TI
6578,5398,TI
6579,5398,TI
6593,5398,TI
6594,5398,TI
6631,5399,TI
6632,5399,TI
6633,5399,TI
6634,5399,TI
6635,5399,TI
6636,5399,TI
6637,5399,TI
1860,5401,VD
1863,5401,VD
1880,5402,VD
1880,5402,VD
1880,5402,VD
1880,5402,VD
1880,5402,VD
1882,5402,VD
1846,5403,VD
1856,5404,VD
1880,5405,VD
1880,5405,VD
1882,5405,VD
1892,5406,VD
1892,5406,VD
1892,5406,VD
1854,5407,VD
1845,5408,VD
1860,5409,VD
1866,5409,VD
1867,5409,VD
1867,5409,VD
1867,5409,VD
1884,5409,VD
1884,5409,VD
1884,5409,VD
1885,5409,VD
1660,5410,VD
1856,5410,VD
1862,5410,VD
1862,5410,VD
1863,5410,VD
1866,5410,VD
1864,5411,VD
1865,5411,VD
1866,5411,VD
1847,5412,VD
1852,5413,VD
1844,5414,VD
1853,5415,VD
1170,5422,VD
1172,5422,VD
1174,5422,VD
1174,5422,VD
1144,5423,VD
1149,5424,VD
1145,5425,VD
1149,5425,VD
1172,5426,VD
1166,5427,VD
1173,5427,VD
1188,5428,VD
1261,5429,VD
1261,5430,VD
1146,5431,VD
1188,5434,VD
1145,5435,VD
1176,5435,VD
1187,5436,VD
1189,5437,VD
1564,5451,VD
1580,5451,VD
1580,5451,VD
1580,5451,VD
1721,5451,VD
1588,5456,VD
1595,5458,VD
1584,5464,VD
1585,5464,VD
1585,5464,VD
1585,5464,VD
1586,5464,VD
1587,5464,VD
1587,5464,VD
1589,5464,VD
1787,5464,VD
1042,5471,VD
1306,5471,VD
1035,5472,VD
1034,5473,VD
1148,5474,VD
1308,5474,VD
1316,5474,VD
1148,5475,VD
1316,5476,VD
1304,5477,VD
1304,5477,VD
1148,5479,VD
1306,5480,VD
1304,5481,VD
1312,5482,VD
1313,5483,VD
1124,5484,VD
1117,5485,VD
1148,5486,VD
1148,5486,VD
1148,5486,VD
1307,5487,VD
1148,5488,VD
1031,5489,VD
1148,5490,VD
1148,5491,VD
1325,5491,VD
1147,5492,VD
1317,5493,VD
1372,5493,VD
1305,5495,VD
1303,5496,VD
1318,5497,VD
1315,5498,VD
1304,5499,VD
1036,5501,VD
1031,5503,VD
1302,5503,VD
1042,5511,VD
1042,5511,VD
1038,5512,VD
1041,5514,VD
1053,5515,VD
1053,5516,VD
1040,5518,VD
1417,5520,VD
1417,5520,VD
1037,5521,VD
1044,5522,VD
1055,5523,VD
1054,5527,VD
1377,5529,VD
1416,5530,VD
1375,5531,VD
1041,5533,VD
1046,5534,VD
1040,5535,VD
1040,5537,VD
1418,5539,VD
1041,5540,VD
1041,5540,VD
1041,5540,VD
1043,5540,VD
1376,5541,VD
1376,5541,VD
1376,5541,VD
1423,5551,VD
1427,5551,VD
1452,5552,VD
1453,5552,VD
1424,5553,VD
1426,5554,VD
2028,5554,VD
1426,5555,VD
1420,5556,VD
1453,5556,VD
1421,5557,VD
1453,5557,VD
1429,5559,VD
1421,5560,VD
1453,5560,VD
1453,5560,VD
1422,5561,VD
1453,5562,VD
1428,5563,VD
1431,5564,VD
1425,5565,VD
1428,5566,VD
2108,5566,VD
1445,5568,VD
1450,5568,VD
1450,5568,VD
1450,5568,VD
1452,5568,VD
1454,5568,VD
1454,5568,VD
1423,5571,VD
1423,5571,VD
1423,5571,VD
1423,5571,VD
1453,5571,VD
1092,5581,VD
1033,5582,VD
1023,5583,VD
1033,5583,VD
1066,5584,VD
1008,5585,VD
1000,5586,VD
1000,5586,VD
1000,5586,VD
1003,5586,VD
1004,5586,VD
1005,5586,VD
1006,5586,VD
1007,5586,VD
1010,5586,VD
1011,5586,VD
1012,5586,VD
1018,5586,VD
1023,5586,VD
1032,5586,VD
1033,5586,VD
1052,5586,VD
1053,5586,VD
1052,5587,VD
1094,5588,VD
1095,5588,VD
1008,5589,VD
1009,5590,VD
1068,5590,VD
1008,5591,VD
1020,5591,VD
1032,5592,VD
1071,5601,VD
1072,5604,VD
1080,5604,VD
1091,5604,VD
1090,5606,VD
1092,5606,VD
1093,5606,VD
1095,5606,VD
1070,5607,VD
1071,5607,VD
1096,5607,VD
1098,5607,VD
1607,5607,VD
1071,5609,VD
1071,5609,VD
1071,5610,VD
1071,5610,VD
1073,5611,VD
1073,5611,VD
1090,5611,VD
1091,5611,VD
1070,5613,VD
1091,5613,VD
1091,5613,VD
1091,5613,VD
1095,5613,VD
1096,5613,VD
1096,5613,VD
1097,5613,VD
1098,5613,VD
1123,5621,VD
1121,5622,VD
1164,5623,VD
1030,5624,VD
1015,5627,VD
1022,5627,VD
1134,5628,VD
1127,5629,VD
1135,5631,VD
1026,5632,VD
1026,5633,VD
1112,5634,VD
1113,5634,VD
1114,5634,VD
1125,5634,VD
1015,5635,VD
1024,5635,VD
1163,5636,VD
1170,5637,VD
1175,5637,VD
1027,5638,VD
1132,5639,VD
1162,5639,VD
1167,5640,VD
1110,5642,VD
1028,5643,VD
1122,5645,VD
1162,5646,VD
1015,5648,VD
1025,5648,VD
1131,5649,VD
1126,5650,VD
1029,5651,VD
1168,5652,VD
1134,5653,VD
1115,5654,VD
1169,5655,VD
1116,5656,VD
1128,5656,VD
1136,5656,VD
1141,5656,VD
1142,5656,VD
1143,5656,VD
1038,5661,VD
1063,5661,VD
1514,5663,VD
1510,5665,VD
1512,5665,VD
1521,5669,VD
1682,5671,VD
1059,5673,VD
1513,5673,VD
1682,5674,VD
1522,5675,VD
1522,5675,VD
1526,5675,VD
1526,5675,VD
1683,5675,VD
1683,5675,VD
1683,5675,VD
1510,5678,VD
1045,5680,VD
1682,5683,VD
1513,5684,VD
1510,5688,VD
1515,5690,VD
1509,5692,VD
1038,5693,VD
1063,5693,VD
1063,5693,VD
1063,5693,VD
1409,5693,VD
1410,5693,VD
1410,5693,VD
1410,5693,VD
1410,5693,VD
1515,5693,VD
1277,5701,VD
1264,5702,VD
1273,5702,VD
1269,5703,VD
1268,5704,VD
1279,5705,VD
1277,5706,VD
1279,5707,VD
1290,5708,VD
1275,5709,VD
1276,5709,VD
1267,5710,VD
1291,5711,VD
1296,5712,VD
1297,5712,VD
1299,5713,VD
1263,5714,VD
1266,5715,VD
1262,5716,VD
1297,5717,VD
1272,5718,VD
1276,5719,VD
1271,5720,VD
1272,5720,VD
1196,5721,VD
1274,5722,VD
1290,5723,VD
1295,5723,VD
1260,5724,VD
1197,5725,VD
1260,5725,VD
1275,5726,VD
1278,5726,VD
1264,5727,VD
1265,5727,VD
1276,5727,VD
1274,5728,VD
1295,5729,VD
1270,5730,VD
1274,5730,VD
1261,5731,VD
1267,5732,VD
1355,5741,VD
1357,5741,VD
1352,5742,VD
1321,5743,VD
1338,5744,VD
1446,5745,VD
1454,5745,VD
1372,5746,VD
1353,5747,VD
1329,5748,VD
1373,5749,VD
1374,5749,VD
1435,5749,VD
1356,5750,VD
1356,5750,VD
1322,5752,VD
1326,5754,VD
1357,5755,VD
1354,5756,VD
1350,5757,VD
1148,5758,VD
1324,5759,VD
1439,5760,VD
1323,5761,VD
1355,5762,VD
1358,5763,VD
1337,5764,VD
1325,5765,VD
1443,5766,VD
1445,5766,VD
1082,5785,VD
1513,5785,VD
1613,5790,VD
1081,5792,VD
1088,5798,VD
1077,5799,VD
1080,5799,VD
1084,5803,VD
1085,5803,VD
1041,5804,VD
1058,5804,VD
1059,5804,VD
1061,5804,VD
1062,5804,VD
1063,5804,VD
1078,5805,VD
1607,5805,VD
1607,5805,VD
1607,5805,VD
1607,5805,VD
1608,5805,VD
1608,5805,VD
1608,5805,VD
1610,5805,VD
1610,5805,VD
1610,5805,VD
1612,5805,VD
1076,5806,VD
1083,5806,VD
1084,5806,VD
1537,5812,VD
1545,5813,VD
1562,5816,VD
1774,5816,VD
1543,5817,VD
1525,5819,VD
1565,5821,VD
1530,5822,VD
1551,5822,VD
1562,5822,VD
1552,5827,VD
1538,5828,VD
1554,5830,VD
1554,5830,VD
1555,5830,VD
1485,5831,VD
1523,5831,VD
1524,5831,VD
1525,5831,VD
1534,5831,VD
1535,5831,VD
1536,5831,VD
1682,5831,VD
1682,5831,VD
1659,5841,VD
1659,5841,VD
1660,5841,VD
1660,5841,VD
1660,5841,VD
1660,5841,VD
1658,5842,VD
1658,5842,VD
1659,5843,VD
1659,5843,VD
1165,5851,VD
1195,5852,VD
1183,5853,VD
1268,5853,VD
1268,5854,VD
1195,5855,VD
1180,5856,VD
1180,5856,VD
1185,5856,VD
1186,5856,VD
1180,5857,VD
1182,5857,VD
1183,5857,VD
1186,5857,VD
1195,5857,VD
1184,5858,VD
1185,5859,VD
1166,5860,VD
1180,5861,VD
1180,5862,VD
1184,5863,VD
1268,5863,VD
1342,5871,VD
1344,5871,VD
1346,5871,VD
1341,5872,VD
1347,5872,VD
1347,5872,VD
1348,5872,VD
1343,5873,VD
1345,5873,VD
1345,5873,VD
1070,5882,VD
1071,5882,VD
1071,5882,VD
1614,5882,VD
1801,5882,VD
1803,5882,VD
1805,5882,VD
1802,5883,VD
1804,5884,VD
1805,5884,VD
1808,5884,VD
1809,5884,VD
1803,5885,VD
1804,5885,VD
1805,5885,VD
1807,5886,VD
1815,5886,VD
1816,5886,VD
1817,5886,VD
1820,5886,VD
1820,5886,VD
1822,5886,VD
1823,5886,VD
1824,5886,VD
1832,5886,VD
1832,5886,VD
1833,5886,VD
1814,5889,VD
1800,5890,VD
1820,5891,VD
1806,5892,VD
1807,5892,VD
1432,5902,VD
1045,5903,VD
1407,5903,VD
1436,5904,VD
1443,5905,VD
1443,5905,VD
1443,5905,VD
1464,5907,VD
1464,5908,VD
1400,5909,VD
1406,5910,VD
1400,5911,VD
1404,5911,VD
1415,5912,VD
1407,5913,VD
1407,5913,VD
1407,5913,VD
1408,5913,VD
1434,5914,VD
1438,5919,VD
1415,5921,VD
1442,5922,VD
1047,5923,VD
1430,5924,VD
1413,5925,VD
1405,5926,VD
1463,5928,VD
1433,5929,VD
1437,5930,VD
1436,5931,VD
1412,5932,VD
1441,5933,VD
1412,5934,VD
1404,5935,VD
1431,5937,VD
1400,5938,VD
1432,5938,VD
1462,5939,VD
3900,6002,VS
3900,6002,VS
3900,6002,VS
3902,6002,VS
3939,6004,VS
3900,6007,VS
3903,6007,VS
3903,6007,VS
3904,6007,VS
3914,6007,VS
3914,6007,VS
3900,6008,VS
3901,6008,VS
3911,6008,VS
3907,6009,VS
3907,6009,VS
3907,6009,VS
3900,6010,VS
3912,6010,VS
3913,6010,VS
3982,6010,VS
3907,6011,VS
3907,6011,VS
3907,6011,VS
1957,6021,VS
1908,6022,VS
1955,6022,VS
1955,6022,VS
1955,6022,VS
1955,6022,VS
1955,6022,VS
1955,6022,VS
1963,6023,VS
1964,6023,VS
1965,6023,VS
1975,6023,VS
1976,6023,VS
1976,6023,VS
1976,6023,VS
1993,6024,VS
1993,6024,VS
1994,6024,VS
1996,6024,VS
1996,6024,VS
1996,6024,VS
1996,6024,VS
1996,6024,VS
1996,6024,VS
1996,6024,VS
1996,6024,VS
1997,6024,VS
1997,6024,VS
1997,6024,VS
1963,6025,VS
1976,6025,VS
1946,6032,VS
1945,6033,VS
1945,6033,VS
1945,6033,VS
1945,6033,VS
1945,6033,VS
1945,6033,VS
1945,6033,VS
1945,6033,VS
1945,6033,VS
1945,6033,VS
1945,6033,VS
1945,6033,VS
1946,6033,VS
1937,6034,VS
1938,6034,VS
1943,6034,VS
1944,6034,VS
1933,6035,VS
1933,6035,VS
1933,6035,VS
1927,6037,VS
1933,6037,VS
1934,6037,VS
1934,6037,VS
1936,6037,VS
1941,6037,VS
1941,6037,VS
1942,6037,VS
1947,6037,VS
1947,6037,VS
1948,6037,VS
1948,6037,VS
1948,6037,VS
3997,6052,VS
3996,6054,VS
3995,6056,VS
3995,6056,VS
3995,6056,VS
3995,6056,VS
3984,6057,VS
3801,6058,VS
3984,6058,VS
3984,6058,VS
3997,6058,VS
3984,6061,VS
3993,6061,VS
3994,6061,VS
3988,6076,VS
3988,6076,VS
3999,6076,VS
3985,6077,VS
3985,6077,VS
3989,6077,VS
3989,6077,VS
3989,6077,VS
3989,6077,VS
3989,6077,VS
3998,6077,VS
3998,6077,VS
1958,6082,VS
1958,6082,VS
1966,6082,VS
1966,6082,VS
1966,6082,VS
1966,6082,VS
1966,6082,VS
1966,6082,VS
1966,6082,VS
1966,6082,VS
1966,6082,VS
1966,6082,VS
1972,6082,VS
1974,6082,VS
1983,6083,VS
1983,6083,VS
1984,6083,VS
1984,6083,VS
1985,6083,VS
1985,6083,VS
1985,6083,VS
1986,6083,VS
1982,6084,VS
1987,6084,VS
1969,6087,VS
1969,6087,VS
1969,6087,VS
1969,6087,VS
1969,6087,VS
1982,6087,VS
1967,6089,VS
1981,6089,VS
1988,6089,VS
1988,6089,VS
1992,6089,VS
1992,6089,VS
1961,6090,VS
1968,6090,VS
1973,6090,VS
3967,6090,VS
3948,6101,VS
3951,6101,VS
3955,6102,VS
3946,6104,VS
3947,6104,VS
3948,6104,VS
3953,6109,VS
3945,6110,VS
3951,6110,VS
3952,6110,VS
3953,6110,VS
3953,6110,VS
3956,6110,VS
3957,6110,VS
3970,6110,VS
3953,6111,VS
3954,6111,VS
3946,6112,VS
3948,6112,VS
3970,6113,VS
3953,6116,VS
3953,6116,VS
3970,6116,VS
3956,6117,VS
3940,6118,VS
3945,6118,VS
3945,6118,VS
3957,6118,VS
3940,6119,VS
3943,6119,VS
3946,6119,VS
3946,6119,VS
3948,6119,VS
3951,6119,VS
1927,6131,VS
1932,6131,VS
1932,6131,VS
1926,6133,VS
1914,6134,VS
1997,6134,VS
1911,6135,VS
1912,6135,VS
1912,6135,VS
1912,6135,VS
1912,6135,VS
1904,6136,VS
1906,6136,VS
1920,6136,VS
1927,6136,VS
1920,6137,VS
1921,6137,VS
1928,6137,VS
1908,6139,VS
1914,6139,VS
1918,6139,VS
1911,6140,VS
1913,6140,VS
1907,6141,VS
1929,6142,VS
1874,6151,VS
1868,6152,VS
1868,6152,VS
1872,6152,VS
1893,6152,VS
1870,6153,VS
1870,6153,VS
1871,6153,VS
1871,6153,VS
1893,6153,VS
1897,6154,VS
1897,6154,VS
1898,6154,VS
1898,6155,VS
1871,6156,VS
1872,6156,VS
1875,6156,VS
1873,6157,VS
1873,6157,VS
1873,6157,VS
1895,6158,VS
1899,6158,VS
1896,6159,VS
1896,6159,VS
1897,6159,VS
1899,6159,VS
3983,6172,VS
3914,6173,VS
3982,6173,VS
3993,6177,VS
3994,6177,VS
3996,6177,VS
3982,6181,VS
3983,6181,VS
3983,6181,VS
3986,6181,VS
3987,6181,VS
3938,6191,VS
3942,6191,VS
3919,6192,VS
3935,6193,VS
3943,6194,VS
3916,6195,VS
3917,6195,VS
3917,6197,VS
3940,6198,VS
3942,6198,VS
3942,6198,VS
3943,6198,VS
3949,6198,VS
3930,6199,VS
3942,6199,VS
3942,6199,VS
3942,6199,VS
3942,6201,VS
3944,6201,VS
3918,6202,VS
3983,6203,VS
3983,6203,VS
3940,6204,VS
3949,6204,VS
3983,6205,VS
3991,6205,VS
3992,6205,VS
3994,6205,VS
1903,6211,VS
1905,6212,VS
1902,6213,VS
1925,6214,VS
1925,6214,VS
1869,6215,VS
1871,6215,VS
1891,6215,VS
1890,6217,VS
1890,6217,VS
1902,6217,VS
1920,6218,VS
1922,6218,VS
1922,6218,VS
1923,6218,VS
1923,6218,VS
1904,6219,VS
1920,6219,VS
1891,6220,VS
3966,6232,VS
3966,6232,VS
3967,6232,VS
3979,6232,VS
3965,6235,VS
3967,6238,VS
3979,6238,VS
1977,6239,VS
1978,6239,VS
3963,6239,VS
3963,6239,VS
1978,6240,VS
3963,6240,VS
3971,6240,VS
3971,6240,VS
3978,6240,VS
1958,6246,VS
1977,6246,VS
3978,6246,VS
1958,6248,VS
3960,6248,VS
3960,6248,VS
3965,6248,VS
3966,6248,VS
3966,6248,VS
3971,6248,VS
3976,6248,VS
3976,6248,VS
3977,6248,VS
3960,6252,VS
3961,6252,VS
3961,6252,VS
3961,6252,VS
3961,6252,VS
3961,6252,VS
3961,6252,VS
3961,6252,VS
3961,6252,VS
3960,6253,VS
3960,6253,VS
3960,6253,VS
3963,6253,VS
3963,6253,VS
3963,6253,VS
3970,6253,VS
3971,6253,VS
3971,6253,VS
3971,6253,VS
3972,6253,VS
3973,6253,VS
3974,6253,VS
3975,6253,VS
3976,6253,VS
3976,6253,VS
3960,6254,VS
3968,6254,VS
3970,6254,VS
3972,6254,VS
3973,6254,VS
1972,6261,VS
1974,6261,VS
1950,6263,VS
1966,6263,VS
1971,6263,VS
1971,6263,VS
1950,6265,VS
1962,6265,VS
1965,6265,VS
1950,6266,VS
1958,6266,VS
1962,6266,VS
1967,6266,VS
1971,6266,VS
1991,6266,VS
1991,6266,VS
1991,6266,VS
1991,6266,VS
1991,6266,VS
1992,6266,VS
1992,6266,VS
1992,6266,VS
1992,6266,VS
1993,6266,VS
1994,6266,VS
1991,6267,VS
1993,6267,VS
3930,6281,VS
3937,6281,VS
3937,6281,VS
3908,6282,VS
3922,6282,VS
3922,6283,VS
3926,6283,VS
3925,6285,VS
3931,6286,VS
3937,6286,VS
3928,6287,VS
3905,6288,VS
3906,6289,VS
3908,6289,VS
3910,6289,VS
3906,6290,VS
3910,6290,VS
3910,6291,VS
3924,6292,VS
3927,6292,VS
3922,6293,VS
3923,6293,VS
3922,6294,VS
3933,6294,VS
3929,6295,VS
3922,6296,VS
3923,6296,VS
3930,6297,VS
3930,6297,VS
3922,6298,VS
3930,6298,VS
3932,6298,VS
3934,6299,VS
3920,6300,VS
2013,6404,NE
2014,6404,NE
2015,6404,NE
2016,6404,NE
2017,6404,NE
2019,6404,NE
2022,6404,NE
2149,6404,NE
2016,6408,NE
2022,6408,NE
2019,6413,NE
2019,6413,NE
2035,6413,NE
2037,6413,NE
2103,6413,NE
2149,6413,NE
2149,6413,NE
2149,6413,NE
2318,6413,NE
2000,6416,NE
2012,6416,NE
2013,6416,NE
2014,6416,NE
2015,6416,NE
2035,6416,NE
2036,6416,NE
2022,6417,NE
2023,6417,NE
2024,6417,NE
2025,6417,NE
2027,6417,NE
2027,6417,NE
2028,6417,NE
2103,6417,NE
2300,6421,NE
2300,6421,NE
2314,6421,NE
2322,6421,NE
2616,6421,NE
2325,6422,NE
2314,6423,NE
2124,6432,NE
2406,6432,NE
2406,6432,NE
2406,6432,NE
2406,6432,NE
2318,6433,NE
2400,6434,NE
2405,6434,NE
2406,6434,NE
2414,6434,NE
2400,6435,NE
2405,6435,NE
2406,6435,NE
2322,6436,NE
2400,6436,NE
2400,6436,NE
2416,6436,NE
2105,6437,NE
2314,6437,NE
2316,6437,NE
2316,6437,NE
2318,6437,NE
2072,6451,NE
2075,6451,NE
2087,6451,NE
2072,6452,NE
2087,6452,NE
2088,6452,NE
2067,6453,NE
2073,6453,NE
2068,6454,NE
2073,6455,NE
2520,6455,NE
2523,6455,NE
2525,6455,NE
2523,6456,NE
2000,6458,NE
2034,6458,NE
2035,6458,NE
2036,6458,NE
2037,6458,NE
2042,6458,NE
2067,6458,NE
2068,6458,NE
2072,6459,NE
2074,6461,NE
2075,6461,NE
2075,6461,NE
3236,6461,NE
2019,6487,NE
2037,6487,NE
2042,6487,NE
2043,6487,NE
2046,6487,NE
2052,6487,NE
2052,6487,NE
2053,6487,NE
2054,6487,NE
2054,6487,NE
2056,6487,NE
2057,6487,NE
2058,6487,NE
2063,6487,NE
2063,6487,NE
2063,6487,NE
2063,6487,NE
2065,6487,NE
2067,6487,NE
2206,6487,NE
2207,6487,NE
2208,6487,NE
2314,6487,NE
2518,6487,NE
2523,6487,NE
2616,6487,NE
2115,6504,NE
2117,6504,NE
2126,6511,NE
2406,6511,NE
2103,6512,NE
2105,6512,NE
2108,6512,NE
2112,6512,NE
2113,6512,NE
2114,6512,NE
2115,6512,NE
2116,6512,NE
2123,6512,NE
2124,6512,NE
2126,6512,NE
2127,6512,NE
2316,6512,NE
2318,6512,NE
2406,6512,NE
1288,6601,GE
1247,6602,GE
1237,6603,GE
1236,6604,GE
1285,6604,GE
1257,6605,GE
1258,6605,GE
1293,6606,GE
1232,6607,GE
1233,6607,GE
1236,6607,GE
1286,6607,GE
1227,6608,GE
1227,6608,GE
1236,6609,GE
1298,6610,GE
1298,6610,GE
1237,6611,GE
1284,6611,GE
1285,6611,GE
1224,6612,GE
1231,6612,GE
1225,6613,GE
1244,6614,GE
1239,6615,GE
1290,6615,GE
1222,6616,GE
1245,6616,GE
1223,6617,GE
1228,6618,GE
1232,6618,GE
1246,6619,GE
1283,6620,GE
1283,6620,GE
1201,6621,GE
1202,6621,GE
1203,6621,GE
1204,6621,GE
1205,6621,GE
1206,6621,GE
1207,6621,GE
1208,6621,GE
1209,6621,GE
1213,6621,GE
1218,6621,GE
1227,6621,GE
1227,6621,GE
1292,6621,GE
1294,6622,GE
1209,6623,GE
1215,6623,GE
1216,6623,GE
1218,6623,GE
1251,6624,GE
1254,6624,GE
1248,6625,GE
1254,6626,GE
1236,6627,GE
1287,6627,GE
1212,6628,GE
1213,6628,GE
1213,6628,GE
1227,6628,GE
1228,6628,GE
1256,6628,GE
1252,6629,GE
1214,6630,GE
1215,6630,GE
1216,6630,GE
1217,6630,GE
1212,6631,GE
1213,6631,GE
1258,6632,GE
1212,6633,GE
1228,6633,GE
1256,6633,GE
1257,6633,GE
1202,6634,GE
1292,6634,GE
1243,6635,GE
1241,6636,GE
1281,6637,GE
1214,6638,GE
1242,6638,GE
1281,6638,GE
1286,6639,GE
1226,6640,GE
1255,6641,GE
1256,6641,GE
1257,6641,GE
1253,6642,GE
1209,6643,GE
1214,6643,GE
1216,6643,GE
1219,6643,GE
1219,6643,GE
1219,6643,GE
1220,6643,GE
1290,6644,GE
1234,6645,GE
1255,6645,GE
1256,6645,GE
2856,6702,JU
2857,6702,JU
2883,6702,JU
2803,6703,JU
2843,6704,JU
2824,6706,JU
2825,6706,JU
2800,6708,JU
2830,6708,JU
2830,6708,JU
2832,6708,JU
2805,6709,JU
2822,6709,JU
2823,6709,JU
2830,6709,JU
2852,6710,JU
2853,6710,JU
2800,6711,JU
2806,6711,JU
2852,6711,JU
2800,6712,JU
2802,6712,JU
2813,6713,JU
2814,6713,JU
2827,6715,JU
2806,6716,JU
2812,6718,JU
2813,6718,JU
2803,6719,JU
2806,6719,JU
2807,6719,JU
2807,6719,JU
2813,6719,JU
2814,6719,JU
2842,6721,JU
2718,6722,JU
2873,6722,JU
2805,6724,JU
2748,6729,JU
2853,6729,JU
2854,6729,JU
2855,6729,JU
2863,6729,JU
2864,6729,JU
2824,6730,JU
2826,6730,JU
2828,6730,JU
2829,6730,JU
2832,6730,JU
2360,6741,JU
2362,6741,JU
2363,6741,JU
2333,6742,JU
2336,6742,JU
2345,6743,JU
2345,6743,JU
2353,6745,JU
2363,6745,JU
2714,6748,JU
2714,6748,JU
2362,6750,JU
2718,6750,JU
2718,6750,JU
2362,6751,JU
2362,6751,JU
2718,6751,JU
2338,6753,JU
2338,6753,JU
2345,6753,JU
2345,6753,JU
2336,6754,JU
2340,6754,JU
2345,6754,JU
2350,6757,JU
2353,6757,JU
2354,6757,JU
2364,6758,JU
2873,6758,JU
2882,6758,JU
2883,6758,JU
2886,6758,JU
2887,6759,JU
2942,6771,JU
2926,6774,JU
2915,6778,JU
2932,6781,JU
2952,6782,JU
2922,6783,JU
2950,6784,JU
2950,6784,JU
2900,6785,JU
2905,6785,JU
2916,6789,JU
2900,6790,JU
2902,6790,JU
2903,6790,JU
2904,6790,JU
2908,6792,JU
2900,6800,JU
2943,6806,JU
2915,6807,JU
2923,6807,JU
2924,6807,JU
2925,6807,JU
2882,6808,JU
2883,6808,JU
2884,6808,JU
2885,6808,JU
2886,6808,JU
2888,6808,JU
2889,6808,JU
2906,6809,JU
2907,6809,JU
2912,6809,JU
2912,6809,JU
2914,6809,JU
2807,6810,JU
2946,6810,JU
2947,6810,JU
2953,6810,JU
2953,6810,JU
2954,6810,JU
2933,6811,JU
2933,6811,JU
2935,6812,JU
2944,6812,JU
9487,7001,
9490,7001,
9494,7001,
9497,7001,
9495,7002,
9496,7003,
9497,7004,
9494,7005,
9497,7005,
9498,7006,
9485,7007,
9487,7007,
9492,7007,
9493,7007,
9486,7008,
9493,7008,
9485,7009,
9487,7009,
9491,7010,
9488,7011,
,,
,,
